path,label,subject_id,source_file_id,split
AcouDiet/ai/data/raw/public/cabbage/esc_cabbage_s0001_00.wav,cabbage,,esc_cabbage_s0001_00,train
AcouDiet/ai/data/raw/public/cabbage/esc_cabbage_s0001_01.wav,cabbage,,esc_cabbage_s0001_01,train
AcouDiet/ai/data/raw/public/cabbage/esc_cabbage_s0002_00.wav,cabbage,,esc_cabbage_s0002_00,train
AcouDiet/ai/data/raw/public/cabbage/esc_cabbage_s0002_01.wav,cabbage,,esc_cabbage_s0002_01,train
AcouDiet/ai/data/raw/public/cabbage/esc_cabbage_s0003_00.wav,cabbage,,esc_cabbage_s0003_00,train
AcouDiet/ai/data/raw/public/cabbage/esc_cabbage_s0003_01.wav,cabbage,,esc_cabbage_s0003_01,train
AcouDiet/ai/data/raw/public/cabbage/esc_cabbage_s0004_00.wav,cabbage,,esc_cabbage_s0004_00,train
AcouDiet/ai/data/raw/public/cabbage/esc_cabbage_s0004_01.wav,cabbage,,esc_cabbage_s0004_01,train
AcouDiet/ai/data/raw/public/cabbage/esc_cabbage_s0006_00.wav,cabbage,,esc_cabbage_s0006_00,train
AcouDiet/ai/data/raw/public/cabbage/esc_cabbage_s0006_01.wav,cabbage,,esc_cabbage_s0006_01,train
AcouDiet/ai/data/raw/public/cabbage/esc_cabbage_s0007_00.wav,cabbage,,esc_cabbage_s0007_00,train
AcouDiet/ai/data/raw/public/cabbage/esc_cabbage_s0007_01.wav,cabbage,,esc_cabbage_s0007_01,train
AcouDiet/ai/data/raw/public/cabbage/esc_cabbage_s0008_00.wav,cabbage,,esc_cabbage_s0008_00,train
AcouDiet/ai/data/raw/public/cabbage/esc_cabbage_s0008_01.wav,cabbage,,esc_cabbage_s0008_01,train
AcouDiet/ai/data/raw/public/cabbage/esc_cabbage_s0009_00.wav,cabbage,,esc_cabbage_s0009_00,train
AcouDiet/ai/data/raw/public/cabbage/esc_cabbage_s0009_01.wav,cabbage,,esc_cabbage_s0009_01,train
AcouDiet/ai/data/raw/public/cabbage/esc_cabbage_s0010_00.wav,cabbage,,esc_cabbage_s0010_00,train
AcouDiet/ai/data/raw/public/cabbage/esc_cabbage_s0010_01.wav,cabbage,,esc_cabbage_s0010_01,train
AcouDiet/ai/data/raw/public/cabbage/esc_cabbage_s0011_00.wav,cabbage,,esc_cabbage_s0011_00,train
AcouDiet/ai/data/raw/public/cabbage/esc_cabbage_s0011_01.wav,cabbage,,esc_cabbage_s0011_01,train
AcouDiet/ai/data/raw/public/cabbage/esc_cabbage_s0012_00.wav,cabbage,,esc_cabbage_s0012_00,train
AcouDiet/ai/data/raw/public/cabbage/esc_cabbage_s0012_01.wav,cabbage,,esc_cabbage_s0012_01,train
AcouDiet/ai/data/raw/public/cabbage/esc_cabbage_s0013_00.wav,cabbage,,esc_cabbage_s0013_00,train
AcouDiet/ai/data/raw/public/cabbage/esc_cabbage_s0013_01.wav,cabbage,,esc_cabbage_s0013_01,train
AcouDiet/ai/data/raw/public/cabbage/esc_cabbage_s0015_00.wav,cabbage,,esc_cabbage_s0015_00,train
AcouDiet/ai/data/raw/public/cabbage/esc_cabbage_s0015_01.wav,cabbage,,esc_cabbage_s0015_01,train
AcouDiet/ai/data/raw/public/cabbage/esc_cabbage_s0017_00.wav,cabbage,,esc_cabbage_s0017_00,train
AcouDiet/ai/data/raw/public/cabbage/esc_cabbage_s0017_01.wav,cabbage,,esc_cabbage_s0017_01,train
AcouDiet/ai/data/raw/public/cabbage/esc_cabbage_s0019_00.wav,cabbage,,esc_cabbage_s0019_00,train
AcouDiet/ai/data/raw/public/cabbage/esc_cabbage_s0019_01.wav,cabbage,,esc_cabbage_s0019_01,train
AcouDiet/ai/data/raw/public/cabbage/esc_cabbage_s0020_00.wav,cabbage,,esc_cabbage_s0020_00,train
AcouDiet/ai/data/raw/public/cabbage/esc_cabbage_s0020_01.wav,cabbage,,esc_cabbage_s0020_01,train
AcouDiet/ai/data/raw/public/cabbage/esc_cabbage_s0021_00.wav,cabbage,,esc_cabbage_s0021_00,train
AcouDiet/ai/data/raw/public/cabbage/esc_cabbage_s0021_01.wav,cabbage,,esc_cabbage_s0021_01,train
AcouDiet/ai/data/raw/public/cabbage/esc_cabbage_s0024_00.wav,cabbage,,esc_cabbage_s0024_00,train
AcouDiet/ai/data/raw/public/cabbage/esc_cabbage_s0024_01.wav,cabbage,,esc_cabbage_s0024_01,train
AcouDiet/ai/data/raw/public/cabbage/esc_cabbage_s0026_00.wav,cabbage,,esc_cabbage_s0026_00,train
AcouDiet/ai/data/raw/public/cabbage/esc_cabbage_s0026_01.wav,cabbage,,esc_cabbage_s0026_01,train
AcouDiet/ai/data/raw/public/cabbage/esc_cabbage_s0027_00.wav,cabbage,,esc_cabbage_s0027_00,train
AcouDiet/ai/data/raw/public/cabbage/esc_cabbage_s0027_01.wav,cabbage,,esc_cabbage_s0027_01,train
AcouDiet/ai/data/raw/public/cabbage/esc_cabbage_s0028_00.wav,cabbage,,esc_cabbage_s0028_00,train
AcouDiet/ai/data/raw/public/cabbage/esc_cabbage_s0028_01.wav,cabbage,,esc_cabbage_s0028_01,train
AcouDiet/ai/data/raw/public/cabbage/esc_cabbage_s0029_00.wav,cabbage,,esc_cabbage_s0029_00,train
AcouDiet/ai/data/raw/public/cabbage/esc_cabbage_s0029_01.wav,cabbage,,esc_cabbage_s0029_01,train
AcouDiet/ai/data/raw/public/cabbage/esc_cabbage_s0030_00.wav,cabbage,,esc_cabbage_s0030_00,train
AcouDiet/ai/data/raw/public/cabbage/esc_cabbage_s0030_01.wav,cabbage,,esc_cabbage_s0030_01,train
AcouDiet/ai/data/raw/public/cabbage/esc_cabbage_s0031_00.wav,cabbage,,esc_cabbage_s0031_00,train
AcouDiet/ai/data/raw/public/cabbage/esc_cabbage_s0031_01.wav,cabbage,,esc_cabbage_s0031_01,train
AcouDiet/ai/data/raw/public/cabbage/esc_cabbage_s0033_00.wav,cabbage,,esc_cabbage_s0033_00,train
AcouDiet/ai/data/raw/public/cabbage/esc_cabbage_s0033_01.wav,cabbage,,esc_cabbage_s0033_01,train
AcouDiet/ai/data/raw/public/cabbage/esc_cabbage_s0037_00.wav,cabbage,,esc_cabbage_s0037_00,train
AcouDiet/ai/data/raw/public/cabbage/esc_cabbage_s0037_01.wav,cabbage,,esc_cabbage_s0037_01,train
AcouDiet/ai/data/raw/public/cabbage/esc_cabbage_s0038_00.wav,cabbage,,esc_cabbage_s0038_00,train
AcouDiet/ai/data/raw/public/cabbage/esc_cabbage_s0038_01.wav,cabbage,,esc_cabbage_s0038_01,train
AcouDiet/ai/data/raw/public/cabbage/esc_cabbage_s0039_00.wav,cabbage,,esc_cabbage_s0039_00,train
AcouDiet/ai/data/raw/public/cabbage/esc_cabbage_s0039_01.wav,cabbage,,esc_cabbage_s0039_01,train
AcouDiet/ai/data/raw/public/cabbage/esc_cabbage_s0041_00.wav,cabbage,,esc_cabbage_s0041_00,train
AcouDiet/ai/data/raw/public/cabbage/esc_cabbage_s0041_01.wav,cabbage,,esc_cabbage_s0041_01,train
AcouDiet/ai/data/raw/public/cabbage/esc_cabbage_s0042_00.wav,cabbage,,esc_cabbage_s0042_00,train
AcouDiet/ai/data/raw/public/cabbage/esc_cabbage_s0042_01.wav,cabbage,,esc_cabbage_s0042_01,train
AcouDiet/ai/data/raw/public/cabbage/esc_cabbage_s0043_00.wav,cabbage,,esc_cabbage_s0043_00,train
AcouDiet/ai/data/raw/public/cabbage/esc_cabbage_s0043_01.wav,cabbage,,esc_cabbage_s0043_01,train
AcouDiet/ai/data/raw/public/cabbage/esc_cabbage_s0044_00.wav,cabbage,,esc_cabbage_s0044_00,train
AcouDiet/ai/data/raw/public/cabbage/esc_cabbage_s0044_01.wav,cabbage,,esc_cabbage_s0044_01,train
AcouDiet/ai/data/raw/public/cabbage/esc_cabbage_s0045_00.wav,cabbage,,esc_cabbage_s0045_00,train
AcouDiet/ai/data/raw/public/cabbage/esc_cabbage_s0045_01.wav,cabbage,,esc_cabbage_s0045_01,train
AcouDiet/ai/data/raw/public/cabbage/esc_cabbage_s0047_00.wav,cabbage,,esc_cabbage_s0047_00,train
AcouDiet/ai/data/raw/public/cabbage/esc_cabbage_s0047_01.wav,cabbage,,esc_cabbage_s0047_01,train
AcouDiet/ai/data/raw/public/cabbage/esc_cabbage_s0048_00.wav,cabbage,,esc_cabbage_s0048_00,train
AcouDiet/ai/data/raw/public/cabbage/esc_cabbage_s0048_01.wav,cabbage,,esc_cabbage_s0048_01,train
AcouDiet/ai/data/raw/public/cabbage/esc_cabbage_s0050_00.wav,cabbage,,esc_cabbage_s0050_00,train
AcouDiet/ai/data/raw/public/cabbage/esc_cabbage_s0050_01.wav,cabbage,,esc_cabbage_s0050_01,train
AcouDiet/ai/data/raw/public/cabbage/esc_cabbage_s0051_00.wav,cabbage,,esc_cabbage_s0051_00,train
AcouDiet/ai/data/raw/public/cabbage/esc_cabbage_s0051_01.wav,cabbage,,esc_cabbage_s0051_01,train
AcouDiet/ai/data/raw/public/cabbage/esc_cabbage_s0052_00.wav,cabbage,,esc_cabbage_s0052_00,train
AcouDiet/ai/data/raw/public/cabbage/esc_cabbage_s0052_01.wav,cabbage,,esc_cabbage_s0052_01,train
AcouDiet/ai/data/raw/public/cabbage/esc_cabbage_s0053_00.wav,cabbage,,esc_cabbage_s0053_00,train
AcouDiet/ai/data/raw/public/cabbage/esc_cabbage_s0053_01.wav,cabbage,,esc_cabbage_s0053_01,train
AcouDiet/ai/data/raw/public/cabbage/esc_cabbage_s0054_00.wav,cabbage,,esc_cabbage_s0054_00,train
AcouDiet/ai/data/raw/public/cabbage/esc_cabbage_s0054_01.wav,cabbage,,esc_cabbage_s0054_01,train
AcouDiet/ai/data/raw/public/cabbage/esc_cabbage_s0055_00.wav,cabbage,,esc_cabbage_s0055_00,train
AcouDiet/ai/data/raw/public/cabbage/esc_cabbage_s0055_01.wav,cabbage,,esc_cabbage_s0055_01,train
AcouDiet/ai/data/raw/public/cabbage/esc_cabbage_s0056_00.wav,cabbage,,esc_cabbage_s0056_00,train
AcouDiet/ai/data/raw/public/cabbage/esc_cabbage_s0056_01.wav,cabbage,,esc_cabbage_s0056_01,train
AcouDiet/ai/data/raw/public/cabbage/esc_cabbage_s0057_00.wav,cabbage,,esc_cabbage_s0057_00,train
AcouDiet/ai/data/raw/public/cabbage/esc_cabbage_s0057_01.wav,cabbage,,esc_cabbage_s0057_01,train
AcouDiet/ai/data/raw/public/cabbage/esc_cabbage_s0058_00.wav,cabbage,,esc_cabbage_s0058_00,train
AcouDiet/ai/data/raw/public/cabbage/esc_cabbage_s0058_01.wav,cabbage,,esc_cabbage_s0058_01,train
AcouDiet/ai/data/raw/public/cabbage/esc_cabbage_s0059_00.wav,cabbage,,esc_cabbage_s0059_00,train
AcouDiet/ai/data/raw/public/cabbage/esc_cabbage_s0059_01.wav,cabbage,,esc_cabbage_s0059_01,train
AcouDiet/ai/data/raw/public/cabbage/esc_cabbage_s0061_00.wav,cabbage,,esc_cabbage_s0061_00,train
AcouDiet/ai/data/raw/public/cabbage/esc_cabbage_s0061_01.wav,cabbage,,esc_cabbage_s0061_01,train
AcouDiet/ai/data/raw/public/cabbage/esc_cabbage_s0062_00.wav,cabbage,,esc_cabbage_s0062_00,train
AcouDiet/ai/data/raw/public/cabbage/esc_cabbage_s0062_01.wav,cabbage,,esc_cabbage_s0062_01,train
AcouDiet/ai/data/raw/public/cabbage/esc_cabbage_s0063_00.wav,cabbage,,esc_cabbage_s0063_00,train
AcouDiet/ai/data/raw/public/cabbage/esc_cabbage_s0063_01.wav,cabbage,,esc_cabbage_s0063_01,train
AcouDiet/ai/data/raw/public/cabbage/esc_cabbage_s0065_00.wav,cabbage,,esc_cabbage_s0065_00,train
AcouDiet/ai/data/raw/public/cabbage/esc_cabbage_s0065_01.wav,cabbage,,esc_cabbage_s0065_01,train
AcouDiet/ai/data/raw/public/cabbage/esc_cabbage_s0066_00.wav,cabbage,,esc_cabbage_s0066_00,train
AcouDiet/ai/data/raw/public/cabbage/esc_cabbage_s0066_01.wav,cabbage,,esc_cabbage_s0066_01,train
AcouDiet/ai/data/raw/public/cabbage/esc_cabbage_s0068_00.wav,cabbage,,esc_cabbage_s0068_00,train
AcouDiet/ai/data/raw/public/cabbage/esc_cabbage_s0068_01.wav,cabbage,,esc_cabbage_s0068_01,train
AcouDiet/ai/data/raw/public/cabbage/esc_cabbage_s0069_00.wav,cabbage,,esc_cabbage_s0069_00,train
AcouDiet/ai/data/raw/public/cabbage/esc_cabbage_s0069_01.wav,cabbage,,esc_cabbage_s0069_01,train
AcouDiet/ai/data/raw/public/cabbage/esc_cabbage_s0070_00.wav,cabbage,,esc_cabbage_s0070_00,train
AcouDiet/ai/data/raw/public/cabbage/esc_cabbage_s0070_01.wav,cabbage,,esc_cabbage_s0070_01,train
AcouDiet/ai/data/raw/public/cabbage/esc_cabbage_s0071_00.wav,cabbage,,esc_cabbage_s0071_00,train
AcouDiet/ai/data/raw/public/cabbage/esc_cabbage_s0071_01.wav,cabbage,,esc_cabbage_s0071_01,train
AcouDiet/ai/data/raw/public/cabbage/esc_cabbage_s0072_00.wav,cabbage,,esc_cabbage_s0072_00,train
AcouDiet/ai/data/raw/public/cabbage/esc_cabbage_s0072_01.wav,cabbage,,esc_cabbage_s0072_01,train
AcouDiet/ai/data/raw/public/cabbage/esc_cabbage_s0073_00.wav,cabbage,,esc_cabbage_s0073_00,train
AcouDiet/ai/data/raw/public/cabbage/esc_cabbage_s0073_01.wav,cabbage,,esc_cabbage_s0073_01,train
AcouDiet/ai/data/raw/public/cabbage/esc_cabbage_s0074_00.wav,cabbage,,esc_cabbage_s0074_00,train
AcouDiet/ai/data/raw/public/cabbage/esc_cabbage_s0074_01.wav,cabbage,,esc_cabbage_s0074_01,train
AcouDiet/ai/data/raw/public/cabbage/esc_cabbage_s0075_00.wav,cabbage,,esc_cabbage_s0075_00,train
AcouDiet/ai/data/raw/public/cabbage/esc_cabbage_s0075_01.wav,cabbage,,esc_cabbage_s0075_01,train
AcouDiet/ai/data/raw/public/cabbage/esc_cabbage_s0078_00.wav,cabbage,,esc_cabbage_s0078_00,train
AcouDiet/ai/data/raw/public/cabbage/esc_cabbage_s0078_01.wav,cabbage,,esc_cabbage_s0078_01,train
AcouDiet/ai/data/raw/public/cabbage/esc_cabbage_s0080_00.wav,cabbage,,esc_cabbage_s0080_00,train
AcouDiet/ai/data/raw/public/cabbage/esc_cabbage_s0080_01.wav,cabbage,,esc_cabbage_s0080_01,train
AcouDiet/ai/data/raw/public/cabbage/esc_cabbage_s0081_00.wav,cabbage,,esc_cabbage_s0081_00,train
AcouDiet/ai/data/raw/public/cabbage/esc_cabbage_s0081_01.wav,cabbage,,esc_cabbage_s0081_01,train
AcouDiet/ai/data/raw/public/cabbage/esc_cabbage_s0082_00.wav,cabbage,,esc_cabbage_s0082_00,train
AcouDiet/ai/data/raw/public/cabbage/esc_cabbage_s0082_01.wav,cabbage,,esc_cabbage_s0082_01,train
AcouDiet/ai/data/raw/public/cabbage/esc_cabbage_s0084_00.wav,cabbage,,esc_cabbage_s0084_00,train
AcouDiet/ai/data/raw/public/cabbage/esc_cabbage_s0084_01.wav,cabbage,,esc_cabbage_s0084_01,train
AcouDiet/ai/data/raw/public/cabbage/esc_cabbage_s0086_00.wav,cabbage,,esc_cabbage_s0086_00,train
AcouDiet/ai/data/raw/public/cabbage/esc_cabbage_s0086_01.wav,cabbage,,esc_cabbage_s0086_01,train
AcouDiet/ai/data/raw/public/cabbage/esc_cabbage_s0087_00.wav,cabbage,,esc_cabbage_s0087_00,train
AcouDiet/ai/data/raw/public/cabbage/esc_cabbage_s0087_01.wav,cabbage,,esc_cabbage_s0087_01,train
AcouDiet/ai/data/raw/public/cabbage/esc_cabbage_s0088_00.wav,cabbage,,esc_cabbage_s0088_00,train
AcouDiet/ai/data/raw/public/cabbage/esc_cabbage_s0088_01.wav,cabbage,,esc_cabbage_s0088_01,train
AcouDiet/ai/data/raw/public/cabbage/esc_cabbage_s0090_00.wav,cabbage,,esc_cabbage_s0090_00,train
AcouDiet/ai/data/raw/public/cabbage/esc_cabbage_s0090_01.wav,cabbage,,esc_cabbage_s0090_01,train
AcouDiet/ai/data/raw/public/cabbage/esc_cabbage_s0091_00.wav,cabbage,,esc_cabbage_s0091_00,train
AcouDiet/ai/data/raw/public/cabbage/esc_cabbage_s0091_01.wav,cabbage,,esc_cabbage_s0091_01,train
AcouDiet/ai/data/raw/public/cabbage/esc_cabbage_s0093_00.wav,cabbage,,esc_cabbage_s0093_00,train
AcouDiet/ai/data/raw/public/cabbage/esc_cabbage_s0093_01.wav,cabbage,,esc_cabbage_s0093_01,train
AcouDiet/ai/data/raw/public/cabbage/esc_cabbage_s0094_00.wav,cabbage,,esc_cabbage_s0094_00,train
AcouDiet/ai/data/raw/public/cabbage/esc_cabbage_s0094_01.wav,cabbage,,esc_cabbage_s0094_01,train
AcouDiet/ai/data/raw/public/cabbage/esc_cabbage_s0095_00.wav,cabbage,,esc_cabbage_s0095_00,train
AcouDiet/ai/data/raw/public/cabbage/esc_cabbage_s0095_01.wav,cabbage,,esc_cabbage_s0095_01,train
AcouDiet/ai/data/raw/public/cabbage/esc_cabbage_s0096_00.wav,cabbage,,esc_cabbage_s0096_00,train
AcouDiet/ai/data/raw/public/cabbage/esc_cabbage_s0096_01.wav,cabbage,,esc_cabbage_s0096_01,train
AcouDiet/ai/data/raw/public/cabbage/esc_cabbage_s0099_00.wav,cabbage,,esc_cabbage_s0099_00,train
AcouDiet/ai/data/raw/public/cabbage/esc_cabbage_s0099_01.wav,cabbage,,esc_cabbage_s0099_01,train
AcouDiet/ai/data/raw/public/cabbage/esc_cabbage_s0101_00.wav,cabbage,,esc_cabbage_s0101_00,train
AcouDiet/ai/data/raw/public/cabbage/esc_cabbage_s0101_01.wav,cabbage,,esc_cabbage_s0101_01,train
AcouDiet/ai/data/raw/public/cabbage/esc_cabbage_s0102_00.wav,cabbage,,esc_cabbage_s0102_00,train
AcouDiet/ai/data/raw/public/cabbage/esc_cabbage_s0102_01.wav,cabbage,,esc_cabbage_s0102_01,train
AcouDiet/ai/data/raw/public/cabbage/esc_cabbage_s0103_00.wav,cabbage,,esc_cabbage_s0103_00,train
AcouDiet/ai/data/raw/public/cabbage/esc_cabbage_s0103_01.wav,cabbage,,esc_cabbage_s0103_01,train
AcouDiet/ai/data/raw/public/cabbage/esc_cabbage_s0104_00.wav,cabbage,,esc_cabbage_s0104_00,train
AcouDiet/ai/data/raw/public/cabbage/esc_cabbage_s0104_01.wav,cabbage,,esc_cabbage_s0104_01,train
AcouDiet/ai/data/raw/public/cabbage/esc_cabbage_s0105_00.wav,cabbage,,esc_cabbage_s0105_00,train
AcouDiet/ai/data/raw/public/cabbage/esc_cabbage_s0105_01.wav,cabbage,,esc_cabbage_s0105_01,train
AcouDiet/ai/data/raw/public/cabbage/esc_cabbage_s0108_00.wav,cabbage,,esc_cabbage_s0108_00,train
AcouDiet/ai/data/raw/public/cabbage/esc_cabbage_s0108_01.wav,cabbage,,esc_cabbage_s0108_01,train
AcouDiet/ai/data/raw/public/cabbage/esc_cabbage_s0109_00.wav,cabbage,,esc_cabbage_s0109_00,train
AcouDiet/ai/data/raw/public/cabbage/esc_cabbage_s0109_01.wav,cabbage,,esc_cabbage_s0109_01,train
AcouDiet/ai/data/raw/public/cabbage/esc_cabbage_s0111_00.wav,cabbage,,esc_cabbage_s0111_00,train
AcouDiet/ai/data/raw/public/cabbage/esc_cabbage_s0111_01.wav,cabbage,,esc_cabbage_s0111_01,train
AcouDiet/ai/data/raw/public/cabbage/esc_cabbage_s0112_00.wav,cabbage,,esc_cabbage_s0112_00,train
AcouDiet/ai/data/raw/public/cabbage/esc_cabbage_s0112_01.wav,cabbage,,esc_cabbage_s0112_01,train
AcouDiet/ai/data/raw/public/cabbage/esc_cabbage_s0117_00.wav,cabbage,,esc_cabbage_s0117_00,train
AcouDiet/ai/data/raw/public/cabbage/esc_cabbage_s0117_01.wav,cabbage,,esc_cabbage_s0117_01,train
AcouDiet/ai/data/raw/public/cabbage/esc_cabbage_s0119_00.wav,cabbage,,esc_cabbage_s0119_00,train
AcouDiet/ai/data/raw/public/cabbage/esc_cabbage_s0119_01.wav,cabbage,,esc_cabbage_s0119_01,train
AcouDiet/ai/data/raw/public/cabbage/esc_cabbage_s0120_00.wav,cabbage,,esc_cabbage_s0120_00,train
AcouDiet/ai/data/raw/public/cabbage/esc_cabbage_s0120_01.wav,cabbage,,esc_cabbage_s0120_01,train
AcouDiet/ai/data/raw/public/cabbage/esc_cabbage_s0121_00.wav,cabbage,,esc_cabbage_s0121_00,train
AcouDiet/ai/data/raw/public/cabbage/esc_cabbage_s0121_01.wav,cabbage,,esc_cabbage_s0121_01,train
AcouDiet/ai/data/raw/public/cabbage/esc_cabbage_s0122_00.wav,cabbage,,esc_cabbage_s0122_00,train
AcouDiet/ai/data/raw/public/cabbage/esc_cabbage_s0122_01.wav,cabbage,,esc_cabbage_s0122_01,train
AcouDiet/ai/data/raw/public/cabbage/esc_cabbage_s0123_00.wav,cabbage,,esc_cabbage_s0123_00,train
AcouDiet/ai/data/raw/public/cabbage/esc_cabbage_s0123_01.wav,cabbage,,esc_cabbage_s0123_01,train
AcouDiet/ai/data/raw/public/cabbage/esc_cabbage_s0124_00.wav,cabbage,,esc_cabbage_s0124_00,train
AcouDiet/ai/data/raw/public/cabbage/esc_cabbage_s0124_01.wav,cabbage,,esc_cabbage_s0124_01,train
AcouDiet/ai/data/raw/public/cabbage/esc_cabbage_s0125_00.wav,cabbage,,esc_cabbage_s0125_00,train
AcouDiet/ai/data/raw/public/cabbage/esc_cabbage_s0125_01.wav,cabbage,,esc_cabbage_s0125_01,train
AcouDiet/ai/data/raw/public/cabbage/esc_cabbage_s0126_00.wav,cabbage,,esc_cabbage_s0126_00,train
AcouDiet/ai/data/raw/public/cabbage/esc_cabbage_s0126_01.wav,cabbage,,esc_cabbage_s0126_01,train
AcouDiet/ai/data/raw/public/cabbage/esc_cabbage_s0127_00.wav,cabbage,,esc_cabbage_s0127_00,train
AcouDiet/ai/data/raw/public/cabbage/esc_cabbage_s0127_01.wav,cabbage,,esc_cabbage_s0127_01,train
AcouDiet/ai/data/raw/public/cabbage/esc_cabbage_s0128_00.wav,cabbage,,esc_cabbage_s0128_00,train
AcouDiet/ai/data/raw/public/cabbage/esc_cabbage_s0128_01.wav,cabbage,,esc_cabbage_s0128_01,train
AcouDiet/ai/data/raw/public/cabbage/esc_cabbage_s0129_00.wav,cabbage,,esc_cabbage_s0129_00,train
AcouDiet/ai/data/raw/public/cabbage/esc_cabbage_s0129_01.wav,cabbage,,esc_cabbage_s0129_01,train
AcouDiet/ai/data/raw/public/cabbage/esc_cabbage_s0130_00.wav,cabbage,,esc_cabbage_s0130_00,train
AcouDiet/ai/data/raw/public/cabbage/esc_cabbage_s0130_01.wav,cabbage,,esc_cabbage_s0130_01,train
AcouDiet/ai/data/raw/public/cabbage/esc_cabbage_s0131_00.wav,cabbage,,esc_cabbage_s0131_00,train
AcouDiet/ai/data/raw/public/cabbage/esc_cabbage_s0131_01.wav,cabbage,,esc_cabbage_s0131_01,train
AcouDiet/ai/data/raw/public/cabbage/esc_cabbage_s0132_00.wav,cabbage,,esc_cabbage_s0132_00,train
AcouDiet/ai/data/raw/public/cabbage/esc_cabbage_s0132_01.wav,cabbage,,esc_cabbage_s0132_01,train
AcouDiet/ai/data/raw/public/cabbage/esc_cabbage_s0134_00.wav,cabbage,,esc_cabbage_s0134_00,train
AcouDiet/ai/data/raw/public/cabbage/esc_cabbage_s0134_01.wav,cabbage,,esc_cabbage_s0134_01,train
AcouDiet/ai/data/raw/public/cabbage/esc_cabbage_s0135_00.wav,cabbage,,esc_cabbage_s0135_00,train
AcouDiet/ai/data/raw/public/cabbage/esc_cabbage_s0135_01.wav,cabbage,,esc_cabbage_s0135_01,train
AcouDiet/ai/data/raw/public/cabbage/esc_cabbage_s0136_00.wav,cabbage,,esc_cabbage_s0136_00,train
AcouDiet/ai/data/raw/public/cabbage/esc_cabbage_s0136_01.wav,cabbage,,esc_cabbage_s0136_01,train
AcouDiet/ai/data/raw/public/cabbage/esc_cabbage_s0138_00.wav,cabbage,,esc_cabbage_s0138_00,train
AcouDiet/ai/data/raw/public/cabbage/esc_cabbage_s0138_01.wav,cabbage,,esc_cabbage_s0138_01,train
AcouDiet/ai/data/raw/public/cabbage/esc_cabbage_s0139_00.wav,cabbage,,esc_cabbage_s0139_00,train
AcouDiet/ai/data/raw/public/cabbage/esc_cabbage_s0139_01.wav,cabbage,,esc_cabbage_s0139_01,train
AcouDiet/ai/data/raw/public/cabbage/esc_cabbage_s0140_00.wav,cabbage,,esc_cabbage_s0140_00,train
AcouDiet/ai/data/raw/public/cabbage/esc_cabbage_s0140_01.wav,cabbage,,esc_cabbage_s0140_01,train
AcouDiet/ai/data/raw/public/cabbage/esc_cabbage_s0141_00.wav,cabbage,,esc_cabbage_s0141_00,train
AcouDiet/ai/data/raw/public/cabbage/esc_cabbage_s0141_01.wav,cabbage,,esc_cabbage_s0141_01,train
AcouDiet/ai/data/raw/public/cabbage/esc_cabbage_s0142_00.wav,cabbage,,esc_cabbage_s0142_00,train
AcouDiet/ai/data/raw/public/cabbage/esc_cabbage_s0142_01.wav,cabbage,,esc_cabbage_s0142_01,train
AcouDiet/ai/data/raw/public/cabbage/esc_cabbage_s0143_00.wav,cabbage,,esc_cabbage_s0143_00,train
AcouDiet/ai/data/raw/public/cabbage/esc_cabbage_s0143_01.wav,cabbage,,esc_cabbage_s0143_01,train
AcouDiet/ai/data/raw/public/cabbage/esc_cabbage_s0144_00.wav,cabbage,,esc_cabbage_s0144_00,train
AcouDiet/ai/data/raw/public/cabbage/esc_cabbage_s0144_01.wav,cabbage,,esc_cabbage_s0144_01,train
AcouDiet/ai/data/raw/public/cabbage/esc_cabbage_s0146_00.wav,cabbage,,esc_cabbage_s0146_00,train
AcouDiet/ai/data/raw/public/cabbage/esc_cabbage_s0146_01.wav,cabbage,,esc_cabbage_s0146_01,train
AcouDiet/ai/data/raw/public/cabbage/esc_cabbage_s0148_00.wav,cabbage,,esc_cabbage_s0148_00,train
AcouDiet/ai/data/raw/public/cabbage/esc_cabbage_s0148_01.wav,cabbage,,esc_cabbage_s0148_01,train
AcouDiet/ai/data/raw/public/cabbage/esc_cabbage_s0149_00.wav,cabbage,,esc_cabbage_s0149_00,train
AcouDiet/ai/data/raw/public/cabbage/esc_cabbage_s0149_01.wav,cabbage,,esc_cabbage_s0149_01,train
AcouDiet/ai/data/raw/public/cabbage/esc_cabbage_s0150_00.wav,cabbage,,esc_cabbage_s0150_00,train
AcouDiet/ai/data/raw/public/cabbage/esc_cabbage_s0150_01.wav,cabbage,,esc_cabbage_s0150_01,train
AcouDiet/ai/data/raw/public/cabbage/esc_cabbage_s0155_00.wav,cabbage,,esc_cabbage_s0155_00,train
AcouDiet/ai/data/raw/public/cabbage/esc_cabbage_s0155_01.wav,cabbage,,esc_cabbage_s0155_01,train
AcouDiet/ai/data/raw/public/cabbage/esc_cabbage_s0156_00.wav,cabbage,,esc_cabbage_s0156_00,train
AcouDiet/ai/data/raw/public/cabbage/esc_cabbage_s0156_01.wav,cabbage,,esc_cabbage_s0156_01,train
AcouDiet/ai/data/raw/public/cabbage/esc_cabbage_s0157_00.wav,cabbage,,esc_cabbage_s0157_00,train
AcouDiet/ai/data/raw/public/cabbage/esc_cabbage_s0157_01.wav,cabbage,,esc_cabbage_s0157_01,train
AcouDiet/ai/data/raw/public/cabbage/esc_cabbage_s0158_00.wav,cabbage,,esc_cabbage_s0158_00,train
AcouDiet/ai/data/raw/public/cabbage/esc_cabbage_s0158_01.wav,cabbage,,esc_cabbage_s0158_01,train
AcouDiet/ai/data/raw/public/cabbage/esc_cabbage_s0159_00.wav,cabbage,,esc_cabbage_s0159_00,train
AcouDiet/ai/data/raw/public/cabbage/esc_cabbage_s0159_01.wav,cabbage,,esc_cabbage_s0159_01,train
AcouDiet/ai/data/raw/public/cabbage/esc_cabbage_s0160_00.wav,cabbage,,esc_cabbage_s0160_00,train
AcouDiet/ai/data/raw/public/cabbage/esc_cabbage_s0160_01.wav,cabbage,,esc_cabbage_s0160_01,train
AcouDiet/ai/data/raw/public/cabbage/esc_cabbage_s0161_00.wav,cabbage,,esc_cabbage_s0161_00,train
AcouDiet/ai/data/raw/public/cabbage/esc_cabbage_s0161_01.wav,cabbage,,esc_cabbage_s0161_01,train
AcouDiet/ai/data/raw/public/cabbage/esc_cabbage_s0162_00.wav,cabbage,,esc_cabbage_s0162_00,train
AcouDiet/ai/data/raw/public/cabbage/esc_cabbage_s0162_01.wav,cabbage,,esc_cabbage_s0162_01,train
AcouDiet/ai/data/raw/public/cabbage/esc_cabbage_s0165_00.wav,cabbage,,esc_cabbage_s0165_00,train
AcouDiet/ai/data/raw/public/cabbage/esc_cabbage_s0165_01.wav,cabbage,,esc_cabbage_s0165_01,train
AcouDiet/ai/data/raw/public/cabbage/esc_cabbage_s0166_00.wav,cabbage,,esc_cabbage_s0166_00,train
AcouDiet/ai/data/raw/public/cabbage/esc_cabbage_s0166_01.wav,cabbage,,esc_cabbage_s0166_01,train
AcouDiet/ai/data/raw/public/cabbage/esc_cabbage_s0167_00.wav,cabbage,,esc_cabbage_s0167_00,train
AcouDiet/ai/data/raw/public/cabbage/esc_cabbage_s0167_01.wav,cabbage,,esc_cabbage_s0167_01,train
AcouDiet/ai/data/raw/public/cabbage/esc_cabbage_s0169_00.wav,cabbage,,esc_cabbage_s0169_00,train
AcouDiet/ai/data/raw/public/cabbage/esc_cabbage_s0169_01.wav,cabbage,,esc_cabbage_s0169_01,train
AcouDiet/ai/data/raw/public/cabbage/esc_cabbage_s0170_00.wav,cabbage,,esc_cabbage_s0170_00,train
AcouDiet/ai/data/raw/public/cabbage/esc_cabbage_s0170_01.wav,cabbage,,esc_cabbage_s0170_01,train
AcouDiet/ai/data/raw/public/cabbage/esc_cabbage_s0172_00.wav,cabbage,,esc_cabbage_s0172_00,train
AcouDiet/ai/data/raw/public/cabbage/esc_cabbage_s0172_01.wav,cabbage,,esc_cabbage_s0172_01,train
AcouDiet/ai/data/raw/public/cabbage/esc_cabbage_s0175_00.wav,cabbage,,esc_cabbage_s0175_00,train
AcouDiet/ai/data/raw/public/cabbage/esc_cabbage_s0175_01.wav,cabbage,,esc_cabbage_s0175_01,train
AcouDiet/ai/data/raw/public/cabbage/esc_cabbage_s0176_00.wav,cabbage,,esc_cabbage_s0176_00,train
AcouDiet/ai/data/raw/public/cabbage/esc_cabbage_s0176_01.wav,cabbage,,esc_cabbage_s0176_01,train
AcouDiet/ai/data/raw/public/cabbage/esc_cabbage_s0178_00.wav,cabbage,,esc_cabbage_s0178_00,train
AcouDiet/ai/data/raw/public/cabbage/esc_cabbage_s0178_01.wav,cabbage,,esc_cabbage_s0178_01,train
AcouDiet/ai/data/raw/public/cabbage/esc_cabbage_s0180_00.wav,cabbage,,esc_cabbage_s0180_00,train
AcouDiet/ai/data/raw/public/cabbage/esc_cabbage_s0180_01.wav,cabbage,,esc_cabbage_s0180_01,train
AcouDiet/ai/data/raw/public/cabbage/esc_cabbage_s0182_00.wav,cabbage,,esc_cabbage_s0182_00,train
AcouDiet/ai/data/raw/public/cabbage/esc_cabbage_s0182_01.wav,cabbage,,esc_cabbage_s0182_01,train
AcouDiet/ai/data/raw/public/cabbage/esc_cabbage_s0183_00.wav,cabbage,,esc_cabbage_s0183_00,train
AcouDiet/ai/data/raw/public/cabbage/esc_cabbage_s0183_01.wav,cabbage,,esc_cabbage_s0183_01,train
AcouDiet/ai/data/raw/public/cabbage/esc_cabbage_s0184_00.wav,cabbage,,esc_cabbage_s0184_00,train
AcouDiet/ai/data/raw/public/cabbage/esc_cabbage_s0184_01.wav,cabbage,,esc_cabbage_s0184_01,train
AcouDiet/ai/data/raw/public/cabbage/esc_cabbage_s0186_00.wav,cabbage,,esc_cabbage_s0186_00,train
AcouDiet/ai/data/raw/public/cabbage/esc_cabbage_s0186_01.wav,cabbage,,esc_cabbage_s0186_01,train
AcouDiet/ai/data/raw/public/cabbage/esc_cabbage_s0187_00.wav,cabbage,,esc_cabbage_s0187_00,train
AcouDiet/ai/data/raw/public/cabbage/esc_cabbage_s0187_01.wav,cabbage,,esc_cabbage_s0187_01,train
AcouDiet/ai/data/raw/public/cabbage/esc_cabbage_s0188_00.wav,cabbage,,esc_cabbage_s0188_00,train
AcouDiet/ai/data/raw/public/cabbage/esc_cabbage_s0188_01.wav,cabbage,,esc_cabbage_s0188_01,train
AcouDiet/ai/data/raw/public/cabbage/esc_cabbage_s0189_00.wav,cabbage,,esc_cabbage_s0189_00,train
AcouDiet/ai/data/raw/public/cabbage/esc_cabbage_s0189_01.wav,cabbage,,esc_cabbage_s0189_01,train
AcouDiet/ai/data/raw/public/cabbage/esc_cabbage_s0192_00.wav,cabbage,,esc_cabbage_s0192_00,train
AcouDiet/ai/data/raw/public/cabbage/esc_cabbage_s0192_01.wav,cabbage,,esc_cabbage_s0192_01,train
AcouDiet/ai/data/raw/public/cabbage/esc_cabbage_s0193_00.wav,cabbage,,esc_cabbage_s0193_00,train
AcouDiet/ai/data/raw/public/cabbage/esc_cabbage_s0193_01.wav,cabbage,,esc_cabbage_s0193_01,train
AcouDiet/ai/data/raw/public/cabbage/esc_cabbage_s0195_00.wav,cabbage,,esc_cabbage_s0195_00,train
AcouDiet/ai/data/raw/public/cabbage/esc_cabbage_s0195_01.wav,cabbage,,esc_cabbage_s0195_01,train
AcouDiet/ai/data/raw/public/cabbage/esc_cabbage_s0196_00.wav,cabbage,,esc_cabbage_s0196_00,train
AcouDiet/ai/data/raw/public/cabbage/esc_cabbage_s0196_01.wav,cabbage,,esc_cabbage_s0196_01,train
AcouDiet/ai/data/raw/public/cabbage/esc_cabbage_s0198_00.wav,cabbage,,esc_cabbage_s0198_00,train
AcouDiet/ai/data/raw/public/cabbage/esc_cabbage_s0198_01.wav,cabbage,,esc_cabbage_s0198_01,train
AcouDiet/ai/data/raw/public/cabbage/esc_cabbage_s0200_00.wav,cabbage,,esc_cabbage_s0200_00,train
AcouDiet/ai/data/raw/public/cabbage/esc_cabbage_s0200_01.wav,cabbage,,esc_cabbage_s0200_01,train
AcouDiet/ai/data/raw/public/cabbage/esc_cabbage_s0201_00.wav,cabbage,,esc_cabbage_s0201_00,train
AcouDiet/ai/data/raw/public/cabbage/esc_cabbage_s0201_01.wav,cabbage,,esc_cabbage_s0201_01,train
AcouDiet/ai/data/raw/public/cabbage/esc_cabbage_s0202_00.wav,cabbage,,esc_cabbage_s0202_00,train
AcouDiet/ai/data/raw/public/cabbage/esc_cabbage_s0202_01.wav,cabbage,,esc_cabbage_s0202_01,train
AcouDiet/ai/data/raw/public/cabbage/esc_cabbage_s0203_00.wav,cabbage,,esc_cabbage_s0203_00,train
AcouDiet/ai/data/raw/public/cabbage/esc_cabbage_s0203_01.wav,cabbage,,esc_cabbage_s0203_01,train
AcouDiet/ai/data/raw/public/cabbage/esc_cabbage_s0205_00.wav,cabbage,,esc_cabbage_s0205_00,train
AcouDiet/ai/data/raw/public/cabbage/esc_cabbage_s0205_01.wav,cabbage,,esc_cabbage_s0205_01,train
AcouDiet/ai/data/raw/public/cabbage/esc_cabbage_s0206_00.wav,cabbage,,esc_cabbage_s0206_00,train
AcouDiet/ai/data/raw/public/cabbage/esc_cabbage_s0206_01.wav,cabbage,,esc_cabbage_s0206_01,train
AcouDiet/ai/data/raw/public/cabbage/esc_cabbage_s0207_00.wav,cabbage,,esc_cabbage_s0207_00,train
AcouDiet/ai/data/raw/public/cabbage/esc_cabbage_s0207_01.wav,cabbage,,esc_cabbage_s0207_01,train
AcouDiet/ai/data/raw/public/cabbage/esc_cabbage_s0208_00.wav,cabbage,,esc_cabbage_s0208_00,train
AcouDiet/ai/data/raw/public/cabbage/esc_cabbage_s0208_01.wav,cabbage,,esc_cabbage_s0208_01,train
AcouDiet/ai/data/raw/public/cabbage/esc_cabbage_s0209_00.wav,cabbage,,esc_cabbage_s0209_00,train
AcouDiet/ai/data/raw/public/cabbage/esc_cabbage_s0209_01.wav,cabbage,,esc_cabbage_s0209_01,train
AcouDiet/ai/data/raw/public/cabbage/esc_cabbage_s0211_00.wav,cabbage,,esc_cabbage_s0211_00,train
AcouDiet/ai/data/raw/public/cabbage/esc_cabbage_s0211_01.wav,cabbage,,esc_cabbage_s0211_01,train
AcouDiet/ai/data/raw/public/cabbage/esc_cabbage_s0212_00.wav,cabbage,,esc_cabbage_s0212_00,train
AcouDiet/ai/data/raw/public/cabbage/esc_cabbage_s0212_01.wav,cabbage,,esc_cabbage_s0212_01,train
AcouDiet/ai/data/raw/public/cabbage/esc_cabbage_s0213_00.wav,cabbage,,esc_cabbage_s0213_00,train
AcouDiet/ai/data/raw/public/cabbage/esc_cabbage_s0213_01.wav,cabbage,,esc_cabbage_s0213_01,train
AcouDiet/ai/data/raw/public/cabbage/esc_cabbage_s0214_00.wav,cabbage,,esc_cabbage_s0214_00,train
AcouDiet/ai/data/raw/public/cabbage/esc_cabbage_s0214_01.wav,cabbage,,esc_cabbage_s0214_01,train
AcouDiet/ai/data/raw/public/cabbage/esc_cabbage_s0215_00.wav,cabbage,,esc_cabbage_s0215_00,train
AcouDiet/ai/data/raw/public/cabbage/esc_cabbage_s0215_01.wav,cabbage,,esc_cabbage_s0215_01,train
AcouDiet/ai/data/raw/public/cabbage/esc_cabbage_s0216_00.wav,cabbage,,esc_cabbage_s0216_00,train
AcouDiet/ai/data/raw/public/cabbage/esc_cabbage_s0216_01.wav,cabbage,,esc_cabbage_s0216_01,train
AcouDiet/ai/data/raw/public/cabbage/esc_cabbage_s0220_00.wav,cabbage,,esc_cabbage_s0220_00,train
AcouDiet/ai/data/raw/public/cabbage/esc_cabbage_s0220_01.wav,cabbage,,esc_cabbage_s0220_01,train
AcouDiet/ai/data/raw/public/cabbage/esc_cabbage_s0221_00.wav,cabbage,,esc_cabbage_s0221_00,train
AcouDiet/ai/data/raw/public/cabbage/esc_cabbage_s0221_01.wav,cabbage,,esc_cabbage_s0221_01,train
AcouDiet/ai/data/raw/public/cabbage/esc_cabbage_s0222_00.wav,cabbage,,esc_cabbage_s0222_00,train
AcouDiet/ai/data/raw/public/cabbage/esc_cabbage_s0222_01.wav,cabbage,,esc_cabbage_s0222_01,train
AcouDiet/ai/data/raw/public/cabbage/esc_cabbage_s0224_00.wav,cabbage,,esc_cabbage_s0224_00,train
AcouDiet/ai/data/raw/public/cabbage/esc_cabbage_s0224_01.wav,cabbage,,esc_cabbage_s0224_01,train
AcouDiet/ai/data/raw/public/cabbage/esc_cabbage_s0225_00.wav,cabbage,,esc_cabbage_s0225_00,train
AcouDiet/ai/data/raw/public/cabbage/esc_cabbage_s0225_01.wav,cabbage,,esc_cabbage_s0225_01,train
AcouDiet/ai/data/raw/public/cabbage/esc_cabbage_s0227_00.wav,cabbage,,esc_cabbage_s0227_00,train
AcouDiet/ai/data/raw/public/cabbage/esc_cabbage_s0227_01.wav,cabbage,,esc_cabbage_s0227_01,train
AcouDiet/ai/data/raw/public/cabbage/esc_cabbage_s0228_00.wav,cabbage,,esc_cabbage_s0228_00,train
AcouDiet/ai/data/raw/public/cabbage/esc_cabbage_s0228_01.wav,cabbage,,esc_cabbage_s0228_01,train
AcouDiet/ai/data/raw/public/cabbage/esc_cabbage_s0230_00.wav,cabbage,,esc_cabbage_s0230_00,train
AcouDiet/ai/data/raw/public/cabbage/esc_cabbage_s0230_01.wav,cabbage,,esc_cabbage_s0230_01,train
AcouDiet/ai/data/raw/public/cabbage/esc_cabbage_s0232_00.wav,cabbage,,esc_cabbage_s0232_00,train
AcouDiet/ai/data/raw/public/cabbage/esc_cabbage_s0232_01.wav,cabbage,,esc_cabbage_s0232_01,train
AcouDiet/ai/data/raw/public/cabbage/esc_cabbage_s0234_00.wav,cabbage,,esc_cabbage_s0234_00,train
AcouDiet/ai/data/raw/public/cabbage/esc_cabbage_s0234_01.wav,cabbage,,esc_cabbage_s0234_01,train
AcouDiet/ai/data/raw/public/cabbage/esc_cabbage_s0235_00.wav,cabbage,,esc_cabbage_s0235_00,train
AcouDiet/ai/data/raw/public/cabbage/esc_cabbage_s0235_01.wav,cabbage,,esc_cabbage_s0235_01,train
AcouDiet/ai/data/raw/public/cabbage/esc_cabbage_s0236_00.wav,cabbage,,esc_cabbage_s0236_00,train
AcouDiet/ai/data/raw/public/cabbage/esc_cabbage_s0236_01.wav,cabbage,,esc_cabbage_s0236_01,train
AcouDiet/ai/data/raw/public/cabbage/esc_cabbage_s0237_00.wav,cabbage,,esc_cabbage_s0237_00,train
AcouDiet/ai/data/raw/public/cabbage/esc_cabbage_s0237_01.wav,cabbage,,esc_cabbage_s0237_01,train
AcouDiet/ai/data/raw/public/cabbage/esc_cabbage_s0238_00.wav,cabbage,,esc_cabbage_s0238_00,train
AcouDiet/ai/data/raw/public/cabbage/esc_cabbage_s0238_01.wav,cabbage,,esc_cabbage_s0238_01,train
AcouDiet/ai/data/raw/public/cabbage/esc_cabbage_s0239_00.wav,cabbage,,esc_cabbage_s0239_00,train
AcouDiet/ai/data/raw/public/cabbage/esc_cabbage_s0239_01.wav,cabbage,,esc_cabbage_s0239_01,train
AcouDiet/ai/data/raw/public/cabbage/esc_cabbage_s0240_00.wav,cabbage,,esc_cabbage_s0240_00,train
AcouDiet/ai/data/raw/public/cabbage/esc_cabbage_s0240_01.wav,cabbage,,esc_cabbage_s0240_01,train
AcouDiet/ai/data/raw/public/cabbage/esc_cabbage_s0242_00.wav,cabbage,,esc_cabbage_s0242_00,train
AcouDiet/ai/data/raw/public/cabbage/esc_cabbage_s0242_01.wav,cabbage,,esc_cabbage_s0242_01,train
AcouDiet/ai/data/raw/public/cabbage/esc_cabbage_s0243_00.wav,cabbage,,esc_cabbage_s0243_00,train
AcouDiet/ai/data/raw/public/cabbage/esc_cabbage_s0243_01.wav,cabbage,,esc_cabbage_s0243_01,train
AcouDiet/ai/data/raw/public/cabbage/esc_cabbage_s0244_00.wav,cabbage,,esc_cabbage_s0244_00,train
AcouDiet/ai/data/raw/public/cabbage/esc_cabbage_s0244_01.wav,cabbage,,esc_cabbage_s0244_01,train
AcouDiet/ai/data/raw/public/cabbage/esc_cabbage_s0246_00.wav,cabbage,,esc_cabbage_s0246_00,train
AcouDiet/ai/data/raw/public/cabbage/esc_cabbage_s0246_01.wav,cabbage,,esc_cabbage_s0246_01,train
AcouDiet/ai/data/raw/public/cabbage/esc_cabbage_s0250_00.wav,cabbage,,esc_cabbage_s0250_00,train
AcouDiet/ai/data/raw/public/cabbage/esc_cabbage_s0250_01.wav,cabbage,,esc_cabbage_s0250_01,train
AcouDiet/ai/data/raw/public/cabbage/esc_cabbage_s0251_00.wav,cabbage,,esc_cabbage_s0251_00,train
AcouDiet/ai/data/raw/public/cabbage/esc_cabbage_s0251_01.wav,cabbage,,esc_cabbage_s0251_01,train
AcouDiet/ai/data/raw/public/cabbage/esc_cabbage_s0252_00.wav,cabbage,,esc_cabbage_s0252_00,train
AcouDiet/ai/data/raw/public/cabbage/esc_cabbage_s0252_01.wav,cabbage,,esc_cabbage_s0252_01,train
AcouDiet/ai/data/raw/public/cabbage/esc_cabbage_s0254_00.wav,cabbage,,esc_cabbage_s0254_00,train
AcouDiet/ai/data/raw/public/cabbage/esc_cabbage_s0254_01.wav,cabbage,,esc_cabbage_s0254_01,train
AcouDiet/ai/data/raw/public/cabbage/esc_cabbage_s0255_00.wav,cabbage,,esc_cabbage_s0255_00,train
AcouDiet/ai/data/raw/public/cabbage/esc_cabbage_s0255_01.wav,cabbage,,esc_cabbage_s0255_01,train
AcouDiet/ai/data/raw/public/cabbage/esc_cabbage_s0257_00.wav,cabbage,,esc_cabbage_s0257_00,train
AcouDiet/ai/data/raw/public/cabbage/esc_cabbage_s0257_01.wav,cabbage,,esc_cabbage_s0257_01,train
AcouDiet/ai/data/raw/public/carrot/esc_carrot_s0000_00.wav,carrot,,esc_carrot_s0000_00,train
AcouDiet/ai/data/raw/public/carrot/esc_carrot_s0000_01.wav,carrot,,esc_carrot_s0000_01,train
AcouDiet/ai/data/raw/public/carrot/esc_carrot_s0001_00.wav,carrot,,esc_carrot_s0001_00,train
AcouDiet/ai/data/raw/public/carrot/esc_carrot_s0001_01.wav,carrot,,esc_carrot_s0001_01,train
AcouDiet/ai/data/raw/public/carrot/esc_carrot_s0002_00.wav,carrot,,esc_carrot_s0002_00,train
AcouDiet/ai/data/raw/public/carrot/esc_carrot_s0002_01.wav,carrot,,esc_carrot_s0002_01,train
AcouDiet/ai/data/raw/public/carrot/esc_carrot_s0003_00.wav,carrot,,esc_carrot_s0003_00,train
AcouDiet/ai/data/raw/public/carrot/esc_carrot_s0003_01.wav,carrot,,esc_carrot_s0003_01,train
AcouDiet/ai/data/raw/public/carrot/esc_carrot_s0004_00.wav,carrot,,esc_carrot_s0004_00,train
AcouDiet/ai/data/raw/public/carrot/esc_carrot_s0004_01.wav,carrot,,esc_carrot_s0004_01,train
AcouDiet/ai/data/raw/public/carrot/esc_carrot_s0007_00.wav,carrot,,esc_carrot_s0007_00,train
AcouDiet/ai/data/raw/public/carrot/esc_carrot_s0007_01.wav,carrot,,esc_carrot_s0007_01,train
AcouDiet/ai/data/raw/public/carrot/esc_carrot_s0010_00.wav,carrot,,esc_carrot_s0010_00,train
AcouDiet/ai/data/raw/public/carrot/esc_carrot_s0010_01.wav,carrot,,esc_carrot_s0010_01,train
AcouDiet/ai/data/raw/public/carrot/esc_carrot_s0011_00.wav,carrot,,esc_carrot_s0011_00,train
AcouDiet/ai/data/raw/public/carrot/esc_carrot_s0011_01.wav,carrot,,esc_carrot_s0011_01,train
AcouDiet/ai/data/raw/public/carrot/esc_carrot_s0012_00.wav,carrot,,esc_carrot_s0012_00,train
AcouDiet/ai/data/raw/public/carrot/esc_carrot_s0012_01.wav,carrot,,esc_carrot_s0012_01,train
AcouDiet/ai/data/raw/public/carrot/esc_carrot_s0013_00.wav,carrot,,esc_carrot_s0013_00,train
AcouDiet/ai/data/raw/public/carrot/esc_carrot_s0013_01.wav,carrot,,esc_carrot_s0013_01,train
AcouDiet/ai/data/raw/public/carrot/esc_carrot_s0014_00.wav,carrot,,esc_carrot_s0014_00,train
AcouDiet/ai/data/raw/public/carrot/esc_carrot_s0014_01.wav,carrot,,esc_carrot_s0014_01,train
AcouDiet/ai/data/raw/public/carrot/esc_carrot_s0015_00.wav,carrot,,esc_carrot_s0015_00,train
AcouDiet/ai/data/raw/public/carrot/esc_carrot_s0015_01.wav,carrot,,esc_carrot_s0015_01,train
AcouDiet/ai/data/raw/public/carrot/esc_carrot_s0016_00.wav,carrot,,esc_carrot_s0016_00,train
AcouDiet/ai/data/raw/public/carrot/esc_carrot_s0016_01.wav,carrot,,esc_carrot_s0016_01,train
AcouDiet/ai/data/raw/public/carrot/esc_carrot_s0018_00.wav,carrot,,esc_carrot_s0018_00,train
AcouDiet/ai/data/raw/public/carrot/esc_carrot_s0018_01.wav,carrot,,esc_carrot_s0018_01,train
AcouDiet/ai/data/raw/public/carrot/esc_carrot_s0021_00.wav,carrot,,esc_carrot_s0021_00,train
AcouDiet/ai/data/raw/public/carrot/esc_carrot_s0021_01.wav,carrot,,esc_carrot_s0021_01,train
AcouDiet/ai/data/raw/public/carrot/esc_carrot_s0023_00.wav,carrot,,esc_carrot_s0023_00,train
AcouDiet/ai/data/raw/public/carrot/esc_carrot_s0023_01.wav,carrot,,esc_carrot_s0023_01,train
AcouDiet/ai/data/raw/public/carrot/esc_carrot_s0024_00.wav,carrot,,esc_carrot_s0024_00,train
AcouDiet/ai/data/raw/public/carrot/esc_carrot_s0024_01.wav,carrot,,esc_carrot_s0024_01,train
AcouDiet/ai/data/raw/public/carrot/esc_carrot_s0025_00.wav,carrot,,esc_carrot_s0025_00,train
AcouDiet/ai/data/raw/public/carrot/esc_carrot_s0025_01.wav,carrot,,esc_carrot_s0025_01,train
AcouDiet/ai/data/raw/public/carrot/esc_carrot_s0026_00.wav,carrot,,esc_carrot_s0026_00,train
AcouDiet/ai/data/raw/public/carrot/esc_carrot_s0026_01.wav,carrot,,esc_carrot_s0026_01,train
AcouDiet/ai/data/raw/public/carrot/esc_carrot_s0029_00.wav,carrot,,esc_carrot_s0029_00,train
AcouDiet/ai/data/raw/public/carrot/esc_carrot_s0029_01.wav,carrot,,esc_carrot_s0029_01,train
AcouDiet/ai/data/raw/public/carrot/esc_carrot_s0030_00.wav,carrot,,esc_carrot_s0030_00,train
AcouDiet/ai/data/raw/public/carrot/esc_carrot_s0030_01.wav,carrot,,esc_carrot_s0030_01,train
AcouDiet/ai/data/raw/public/carrot/esc_carrot_s0031_00.wav,carrot,,esc_carrot_s0031_00,train
AcouDiet/ai/data/raw/public/carrot/esc_carrot_s0031_01.wav,carrot,,esc_carrot_s0031_01,train
AcouDiet/ai/data/raw/public/carrot/esc_carrot_s0034_00.wav,carrot,,esc_carrot_s0034_00,train
AcouDiet/ai/data/raw/public/carrot/esc_carrot_s0034_01.wav,carrot,,esc_carrot_s0034_01,train
AcouDiet/ai/data/raw/public/carrot/esc_carrot_s0035_00.wav,carrot,,esc_carrot_s0035_00,train
AcouDiet/ai/data/raw/public/carrot/esc_carrot_s0035_01.wav,carrot,,esc_carrot_s0035_01,train
AcouDiet/ai/data/raw/public/carrot/esc_carrot_s0036_00.wav,carrot,,esc_carrot_s0036_00,train
AcouDiet/ai/data/raw/public/carrot/esc_carrot_s0036_01.wav,carrot,,esc_carrot_s0036_01,train
AcouDiet/ai/data/raw/public/carrot/esc_carrot_s0037_00.wav,carrot,,esc_carrot_s0037_00,train
AcouDiet/ai/data/raw/public/carrot/esc_carrot_s0037_01.wav,carrot,,esc_carrot_s0037_01,train
AcouDiet/ai/data/raw/public/carrot/esc_carrot_s0038_00.wav,carrot,,esc_carrot_s0038_00,train
AcouDiet/ai/data/raw/public/carrot/esc_carrot_s0038_01.wav,carrot,,esc_carrot_s0038_01,train
AcouDiet/ai/data/raw/public/carrot/esc_carrot_s0040_00.wav,carrot,,esc_carrot_s0040_00,train
AcouDiet/ai/data/raw/public/carrot/esc_carrot_s0040_01.wav,carrot,,esc_carrot_s0040_01,train
AcouDiet/ai/data/raw/public/carrot/esc_carrot_s0043_00.wav,carrot,,esc_carrot_s0043_00,train
AcouDiet/ai/data/raw/public/carrot/esc_carrot_s0043_01.wav,carrot,,esc_carrot_s0043_01,train
AcouDiet/ai/data/raw/public/carrot/esc_carrot_s0044_00.wav,carrot,,esc_carrot_s0044_00,train
AcouDiet/ai/data/raw/public/carrot/esc_carrot_s0044_01.wav,carrot,,esc_carrot_s0044_01,train
AcouDiet/ai/data/raw/public/carrot/esc_carrot_s0045_00.wav,carrot,,esc_carrot_s0045_00,train
AcouDiet/ai/data/raw/public/carrot/esc_carrot_s0045_01.wav,carrot,,esc_carrot_s0045_01,train
AcouDiet/ai/data/raw/public/carrot/esc_carrot_s0046_00.wav,carrot,,esc_carrot_s0046_00,train
AcouDiet/ai/data/raw/public/carrot/esc_carrot_s0046_01.wav,carrot,,esc_carrot_s0046_01,train
AcouDiet/ai/data/raw/public/carrot/esc_carrot_s0047_00.wav,carrot,,esc_carrot_s0047_00,train
AcouDiet/ai/data/raw/public/carrot/esc_carrot_s0047_01.wav,carrot,,esc_carrot_s0047_01,train
AcouDiet/ai/data/raw/public/carrot/esc_carrot_s0048_00.wav,carrot,,esc_carrot_s0048_00,train
AcouDiet/ai/data/raw/public/carrot/esc_carrot_s0048_01.wav,carrot,,esc_carrot_s0048_01,train
AcouDiet/ai/data/raw/public/carrot/esc_carrot_s0049_00.wav,carrot,,esc_carrot_s0049_00,train
AcouDiet/ai/data/raw/public/carrot/esc_carrot_s0049_01.wav,carrot,,esc_carrot_s0049_01,train
AcouDiet/ai/data/raw/public/carrot/esc_carrot_s0050_00.wav,carrot,,esc_carrot_s0050_00,train
AcouDiet/ai/data/raw/public/carrot/esc_carrot_s0050_01.wav,carrot,,esc_carrot_s0050_01,train
AcouDiet/ai/data/raw/public/carrot/esc_carrot_s0051_00.wav,carrot,,esc_carrot_s0051_00,train
AcouDiet/ai/data/raw/public/carrot/esc_carrot_s0051_01.wav,carrot,,esc_carrot_s0051_01,train
AcouDiet/ai/data/raw/public/carrot/esc_carrot_s0052_00.wav,carrot,,esc_carrot_s0052_00,train
AcouDiet/ai/data/raw/public/carrot/esc_carrot_s0052_01.wav,carrot,,esc_carrot_s0052_01,train
AcouDiet/ai/data/raw/public/carrot/esc_carrot_s0053_00.wav,carrot,,esc_carrot_s0053_00,train
AcouDiet/ai/data/raw/public/carrot/esc_carrot_s0053_01.wav,carrot,,esc_carrot_s0053_01,train
AcouDiet/ai/data/raw/public/carrot/esc_carrot_s0054_00.wav,carrot,,esc_carrot_s0054_00,train
AcouDiet/ai/data/raw/public/carrot/esc_carrot_s0054_01.wav,carrot,,esc_carrot_s0054_01,train
AcouDiet/ai/data/raw/public/carrot/esc_carrot_s0055_00.wav,carrot,,esc_carrot_s0055_00,train
AcouDiet/ai/data/raw/public/carrot/esc_carrot_s0055_01.wav,carrot,,esc_carrot_s0055_01,train
AcouDiet/ai/data/raw/public/carrot/esc_carrot_s0056_00.wav,carrot,,esc_carrot_s0056_00,train
AcouDiet/ai/data/raw/public/carrot/esc_carrot_s0056_01.wav,carrot,,esc_carrot_s0056_01,train
AcouDiet/ai/data/raw/public/carrot/esc_carrot_s0057_00.wav,carrot,,esc_carrot_s0057_00,train
AcouDiet/ai/data/raw/public/carrot/esc_carrot_s0057_01.wav,carrot,,esc_carrot_s0057_01,train
AcouDiet/ai/data/raw/public/carrot/esc_carrot_s0058_00.wav,carrot,,esc_carrot_s0058_00,train
AcouDiet/ai/data/raw/public/carrot/esc_carrot_s0058_01.wav,carrot,,esc_carrot_s0058_01,train
AcouDiet/ai/data/raw/public/carrot/esc_carrot_s0060_00.wav,carrot,,esc_carrot_s0060_00,train
AcouDiet/ai/data/raw/public/carrot/esc_carrot_s0060_01.wav,carrot,,esc_carrot_s0060_01,train
AcouDiet/ai/data/raw/public/carrot/esc_carrot_s0062_00.wav,carrot,,esc_carrot_s0062_00,train
AcouDiet/ai/data/raw/public/carrot/esc_carrot_s0062_01.wav,carrot,,esc_carrot_s0062_01,train
AcouDiet/ai/data/raw/public/carrot/esc_carrot_s0063_00.wav,carrot,,esc_carrot_s0063_00,train
AcouDiet/ai/data/raw/public/carrot/esc_carrot_s0063_01.wav,carrot,,esc_carrot_s0063_01,train
AcouDiet/ai/data/raw/public/carrot/esc_carrot_s0067_00.wav,carrot,,esc_carrot_s0067_00,train
AcouDiet/ai/data/raw/public/carrot/esc_carrot_s0067_01.wav,carrot,,esc_carrot_s0067_01,train
AcouDiet/ai/data/raw/public/carrot/esc_carrot_s0068_00.wav,carrot,,esc_carrot_s0068_00,train
AcouDiet/ai/data/raw/public/carrot/esc_carrot_s0068_01.wav,carrot,,esc_carrot_s0068_01,train
AcouDiet/ai/data/raw/public/carrot/esc_carrot_s0069_00.wav,carrot,,esc_carrot_s0069_00,train
AcouDiet/ai/data/raw/public/carrot/esc_carrot_s0069_01.wav,carrot,,esc_carrot_s0069_01,train
AcouDiet/ai/data/raw/public/carrot/esc_carrot_s0070_00.wav,carrot,,esc_carrot_s0070_00,train
AcouDiet/ai/data/raw/public/carrot/esc_carrot_s0070_01.wav,carrot,,esc_carrot_s0070_01,train
AcouDiet/ai/data/raw/public/carrot/esc_carrot_s0074_00.wav,carrot,,esc_carrot_s0074_00,train
AcouDiet/ai/data/raw/public/carrot/esc_carrot_s0074_01.wav,carrot,,esc_carrot_s0074_01,train
AcouDiet/ai/data/raw/public/carrot/esc_carrot_s0075_00.wav,carrot,,esc_carrot_s0075_00,train
AcouDiet/ai/data/raw/public/carrot/esc_carrot_s0075_01.wav,carrot,,esc_carrot_s0075_01,train
AcouDiet/ai/data/raw/public/carrot/esc_carrot_s0076_00.wav,carrot,,esc_carrot_s0076_00,train
AcouDiet/ai/data/raw/public/carrot/esc_carrot_s0076_01.wav,carrot,,esc_carrot_s0076_01,train
AcouDiet/ai/data/raw/public/carrot/esc_carrot_s0078_00.wav,carrot,,esc_carrot_s0078_00,train
AcouDiet/ai/data/raw/public/carrot/esc_carrot_s0078_01.wav,carrot,,esc_carrot_s0078_01,train
AcouDiet/ai/data/raw/public/carrot/esc_carrot_s0079_00.wav,carrot,,esc_carrot_s0079_00,train
AcouDiet/ai/data/raw/public/carrot/esc_carrot_s0079_01.wav,carrot,,esc_carrot_s0079_01,train
AcouDiet/ai/data/raw/public/carrot/esc_carrot_s0080_00.wav,carrot,,esc_carrot_s0080_00,train
AcouDiet/ai/data/raw/public/carrot/esc_carrot_s0080_01.wav,carrot,,esc_carrot_s0080_01,train
AcouDiet/ai/data/raw/public/carrot/esc_carrot_s0082_00.wav,carrot,,esc_carrot_s0082_00,train
AcouDiet/ai/data/raw/public/carrot/esc_carrot_s0082_01.wav,carrot,,esc_carrot_s0082_01,train
AcouDiet/ai/data/raw/public/carrot/esc_carrot_s0083_00.wav,carrot,,esc_carrot_s0083_00,train
AcouDiet/ai/data/raw/public/carrot/esc_carrot_s0083_01.wav,carrot,,esc_carrot_s0083_01,train
AcouDiet/ai/data/raw/public/carrot/esc_carrot_s0085_00.wav,carrot,,esc_carrot_s0085_00,train
AcouDiet/ai/data/raw/public/carrot/esc_carrot_s0085_01.wav,carrot,,esc_carrot_s0085_01,train
AcouDiet/ai/data/raw/public/carrot/esc_carrot_s0086_00.wav,carrot,,esc_carrot_s0086_00,train
AcouDiet/ai/data/raw/public/carrot/esc_carrot_s0086_01.wav,carrot,,esc_carrot_s0086_01,train
AcouDiet/ai/data/raw/public/carrot/esc_carrot_s0087_00.wav,carrot,,esc_carrot_s0087_00,train
AcouDiet/ai/data/raw/public/carrot/esc_carrot_s0087_01.wav,carrot,,esc_carrot_s0087_01,train
AcouDiet/ai/data/raw/public/carrot/esc_carrot_s0089_00.wav,carrot,,esc_carrot_s0089_00,train
AcouDiet/ai/data/raw/public/carrot/esc_carrot_s0089_01.wav,carrot,,esc_carrot_s0089_01,train
AcouDiet/ai/data/raw/public/carrot/esc_carrot_s0090_00.wav,carrot,,esc_carrot_s0090_00,train
AcouDiet/ai/data/raw/public/carrot/esc_carrot_s0090_01.wav,carrot,,esc_carrot_s0090_01,train
AcouDiet/ai/data/raw/public/carrot/esc_carrot_s0091_00.wav,carrot,,esc_carrot_s0091_00,train
AcouDiet/ai/data/raw/public/carrot/esc_carrot_s0091_01.wav,carrot,,esc_carrot_s0091_01,train
AcouDiet/ai/data/raw/public/carrot/esc_carrot_s0093_00.wav,carrot,,esc_carrot_s0093_00,train
AcouDiet/ai/data/raw/public/carrot/esc_carrot_s0093_01.wav,carrot,,esc_carrot_s0093_01,train
AcouDiet/ai/data/raw/public/carrot/esc_carrot_s0094_00.wav,carrot,,esc_carrot_s0094_00,train
AcouDiet/ai/data/raw/public/carrot/esc_carrot_s0094_01.wav,carrot,,esc_carrot_s0094_01,train
AcouDiet/ai/data/raw/public/carrot/esc_carrot_s0095_00.wav,carrot,,esc_carrot_s0095_00,train
AcouDiet/ai/data/raw/public/carrot/esc_carrot_s0095_01.wav,carrot,,esc_carrot_s0095_01,train
AcouDiet/ai/data/raw/public/carrot/esc_carrot_s0097_00.wav,carrot,,esc_carrot_s0097_00,train
AcouDiet/ai/data/raw/public/carrot/esc_carrot_s0097_01.wav,carrot,,esc_carrot_s0097_01,train
AcouDiet/ai/data/raw/public/carrot/esc_carrot_s0098_00.wav,carrot,,esc_carrot_s0098_00,train
AcouDiet/ai/data/raw/public/carrot/esc_carrot_s0098_01.wav,carrot,,esc_carrot_s0098_01,train
AcouDiet/ai/data/raw/public/carrot/esc_carrot_s0099_00.wav,carrot,,esc_carrot_s0099_00,train
AcouDiet/ai/data/raw/public/carrot/esc_carrot_s0099_01.wav,carrot,,esc_carrot_s0099_01,train
AcouDiet/ai/data/raw/public/carrot/esc_carrot_s0100_00.wav,carrot,,esc_carrot_s0100_00,train
AcouDiet/ai/data/raw/public/carrot/esc_carrot_s0100_01.wav,carrot,,esc_carrot_s0100_01,train
AcouDiet/ai/data/raw/public/carrot/esc_carrot_s0105_00.wav,carrot,,esc_carrot_s0105_00,train
AcouDiet/ai/data/raw/public/carrot/esc_carrot_s0105_01.wav,carrot,,esc_carrot_s0105_01,train
AcouDiet/ai/data/raw/public/carrot/esc_carrot_s0106_00.wav,carrot,,esc_carrot_s0106_00,train
AcouDiet/ai/data/raw/public/carrot/esc_carrot_s0106_01.wav,carrot,,esc_carrot_s0106_01,train
AcouDiet/ai/data/raw/public/carrot/esc_carrot_s0107_00.wav,carrot,,esc_carrot_s0107_00,train
AcouDiet/ai/data/raw/public/carrot/esc_carrot_s0107_01.wav,carrot,,esc_carrot_s0107_01,train
AcouDiet/ai/data/raw/public/carrot/esc_carrot_s0109_00.wav,carrot,,esc_carrot_s0109_00,train
AcouDiet/ai/data/raw/public/carrot/esc_carrot_s0109_01.wav,carrot,,esc_carrot_s0109_01,train
AcouDiet/ai/data/raw/public/carrot/esc_carrot_s0111_00.wav,carrot,,esc_carrot_s0111_00,train
AcouDiet/ai/data/raw/public/carrot/esc_carrot_s0111_01.wav,carrot,,esc_carrot_s0111_01,train
AcouDiet/ai/data/raw/public/carrot/esc_carrot_s0114_00.wav,carrot,,esc_carrot_s0114_00,train
AcouDiet/ai/data/raw/public/carrot/esc_carrot_s0114_01.wav,carrot,,esc_carrot_s0114_01,train
AcouDiet/ai/data/raw/public/carrot/esc_carrot_s0115_00.wav,carrot,,esc_carrot_s0115_00,train
AcouDiet/ai/data/raw/public/carrot/esc_carrot_s0115_01.wav,carrot,,esc_carrot_s0115_01,train
AcouDiet/ai/data/raw/public/carrot/esc_carrot_s0116_00.wav,carrot,,esc_carrot_s0116_00,train
AcouDiet/ai/data/raw/public/carrot/esc_carrot_s0116_01.wav,carrot,,esc_carrot_s0116_01,train
AcouDiet/ai/data/raw/public/carrot/esc_carrot_s0117_00.wav,carrot,,esc_carrot_s0117_00,train
AcouDiet/ai/data/raw/public/carrot/esc_carrot_s0117_01.wav,carrot,,esc_carrot_s0117_01,train
AcouDiet/ai/data/raw/public/carrot/esc_carrot_s0118_00.wav,carrot,,esc_carrot_s0118_00,train
AcouDiet/ai/data/raw/public/carrot/esc_carrot_s0118_01.wav,carrot,,esc_carrot_s0118_01,train
AcouDiet/ai/data/raw/public/carrot/esc_carrot_s0119_00.wav,carrot,,esc_carrot_s0119_00,train
AcouDiet/ai/data/raw/public/carrot/esc_carrot_s0119_01.wav,carrot,,esc_carrot_s0119_01,train
AcouDiet/ai/data/raw/public/carrot/esc_carrot_s0120_00.wav,carrot,,esc_carrot_s0120_00,train
AcouDiet/ai/data/raw/public/carrot/esc_carrot_s0120_01.wav,carrot,,esc_carrot_s0120_01,train
AcouDiet/ai/data/raw/public/carrot/esc_carrot_s0121_00.wav,carrot,,esc_carrot_s0121_00,train
AcouDiet/ai/data/raw/public/carrot/esc_carrot_s0121_01.wav,carrot,,esc_carrot_s0121_01,train
AcouDiet/ai/data/raw/public/carrot/esc_carrot_s0122_00.wav,carrot,,esc_carrot_s0122_00,train
AcouDiet/ai/data/raw/public/carrot/esc_carrot_s0122_01.wav,carrot,,esc_carrot_s0122_01,train
AcouDiet/ai/data/raw/public/carrot/esc_carrot_s0123_00.wav,carrot,,esc_carrot_s0123_00,train
AcouDiet/ai/data/raw/public/carrot/esc_carrot_s0123_01.wav,carrot,,esc_carrot_s0123_01,train
AcouDiet/ai/data/raw/public/carrot/esc_carrot_s0125_00.wav,carrot,,esc_carrot_s0125_00,train
AcouDiet/ai/data/raw/public/carrot/esc_carrot_s0125_01.wav,carrot,,esc_carrot_s0125_01,train
AcouDiet/ai/data/raw/public/carrot/esc_carrot_s0126_00.wav,carrot,,esc_carrot_s0126_00,train
AcouDiet/ai/data/raw/public/carrot/esc_carrot_s0126_01.wav,carrot,,esc_carrot_s0126_01,train
AcouDiet/ai/data/raw/public/carrot/esc_carrot_s0127_00.wav,carrot,,esc_carrot_s0127_00,train
AcouDiet/ai/data/raw/public/carrot/esc_carrot_s0127_01.wav,carrot,,esc_carrot_s0127_01,train
AcouDiet/ai/data/raw/public/carrot/esc_carrot_s0128_00.wav,carrot,,esc_carrot_s0128_00,train
AcouDiet/ai/data/raw/public/carrot/esc_carrot_s0128_01.wav,carrot,,esc_carrot_s0128_01,train
AcouDiet/ai/data/raw/public/carrot/esc_carrot_s0129_00.wav,carrot,,esc_carrot_s0129_00,train
AcouDiet/ai/data/raw/public/carrot/esc_carrot_s0129_01.wav,carrot,,esc_carrot_s0129_01,train
AcouDiet/ai/data/raw/public/carrot/esc_carrot_s0130_00.wav,carrot,,esc_carrot_s0130_00,train
AcouDiet/ai/data/raw/public/carrot/esc_carrot_s0130_01.wav,carrot,,esc_carrot_s0130_01,train
AcouDiet/ai/data/raw/public/carrot/esc_carrot_s0131_00.wav,carrot,,esc_carrot_s0131_00,train
AcouDiet/ai/data/raw/public/carrot/esc_carrot_s0131_01.wav,carrot,,esc_carrot_s0131_01,train
AcouDiet/ai/data/raw/public/carrot/esc_carrot_s0132_00.wav,carrot,,esc_carrot_s0132_00,train
AcouDiet/ai/data/raw/public/carrot/esc_carrot_s0132_01.wav,carrot,,esc_carrot_s0132_01,train
AcouDiet/ai/data/raw/public/carrot/esc_carrot_s0133_00.wav,carrot,,esc_carrot_s0133_00,train
AcouDiet/ai/data/raw/public/carrot/esc_carrot_s0133_01.wav,carrot,,esc_carrot_s0133_01,train
AcouDiet/ai/data/raw/public/carrot/esc_carrot_s0134_00.wav,carrot,,esc_carrot_s0134_00,train
AcouDiet/ai/data/raw/public/carrot/esc_carrot_s0134_01.wav,carrot,,esc_carrot_s0134_01,train
AcouDiet/ai/data/raw/public/carrot/esc_carrot_s0137_00.wav,carrot,,esc_carrot_s0137_00,train
AcouDiet/ai/data/raw/public/carrot/esc_carrot_s0137_01.wav,carrot,,esc_carrot_s0137_01,train
AcouDiet/ai/data/raw/public/carrot/esc_carrot_s0138_00.wav,carrot,,esc_carrot_s0138_00,train
AcouDiet/ai/data/raw/public/carrot/esc_carrot_s0138_01.wav,carrot,,esc_carrot_s0138_01,train
AcouDiet/ai/data/raw/public/carrot/esc_carrot_s0140_00.wav,carrot,,esc_carrot_s0140_00,train
AcouDiet/ai/data/raw/public/carrot/esc_carrot_s0140_01.wav,carrot,,esc_carrot_s0140_01,train
AcouDiet/ai/data/raw/public/carrot/esc_carrot_s0141_00.wav,carrot,,esc_carrot_s0141_00,train
AcouDiet/ai/data/raw/public/carrot/esc_carrot_s0141_01.wav,carrot,,esc_carrot_s0141_01,train
AcouDiet/ai/data/raw/public/carrot/esc_carrot_s0143_00.wav,carrot,,esc_carrot_s0143_00,train
AcouDiet/ai/data/raw/public/carrot/esc_carrot_s0143_01.wav,carrot,,esc_carrot_s0143_01,train
AcouDiet/ai/data/raw/public/carrot/esc_carrot_s0144_00.wav,carrot,,esc_carrot_s0144_00,train
AcouDiet/ai/data/raw/public/carrot/esc_carrot_s0144_01.wav,carrot,,esc_carrot_s0144_01,train
AcouDiet/ai/data/raw/public/carrot/esc_carrot_s0145_00.wav,carrot,,esc_carrot_s0145_00,train
AcouDiet/ai/data/raw/public/carrot/esc_carrot_s0145_01.wav,carrot,,esc_carrot_s0145_01,train
AcouDiet/ai/data/raw/public/carrot/esc_carrot_s0146_00.wav,carrot,,esc_carrot_s0146_00,train
AcouDiet/ai/data/raw/public/carrot/esc_carrot_s0146_01.wav,carrot,,esc_carrot_s0146_01,train
AcouDiet/ai/data/raw/public/carrot/esc_carrot_s0147_00.wav,carrot,,esc_carrot_s0147_00,train
AcouDiet/ai/data/raw/public/carrot/esc_carrot_s0147_01.wav,carrot,,esc_carrot_s0147_01,train
AcouDiet/ai/data/raw/public/carrot/esc_carrot_s0148_00.wav,carrot,,esc_carrot_s0148_00,train
AcouDiet/ai/data/raw/public/carrot/esc_carrot_s0148_01.wav,carrot,,esc_carrot_s0148_01,train
AcouDiet/ai/data/raw/public/carrot/esc_carrot_s0149_00.wav,carrot,,esc_carrot_s0149_00,train
AcouDiet/ai/data/raw/public/carrot/esc_carrot_s0149_01.wav,carrot,,esc_carrot_s0149_01,train
AcouDiet/ai/data/raw/public/carrot/esc_carrot_s0150_00.wav,carrot,,esc_carrot_s0150_00,train
AcouDiet/ai/data/raw/public/carrot/esc_carrot_s0150_01.wav,carrot,,esc_carrot_s0150_01,train
AcouDiet/ai/data/raw/public/carrot/esc_carrot_s0154_00.wav,carrot,,esc_carrot_s0154_00,train
AcouDiet/ai/data/raw/public/carrot/esc_carrot_s0154_01.wav,carrot,,esc_carrot_s0154_01,train
AcouDiet/ai/data/raw/public/carrot/esc_carrot_s0157_00.wav,carrot,,esc_carrot_s0157_00,train
AcouDiet/ai/data/raw/public/carrot/esc_carrot_s0157_01.wav,carrot,,esc_carrot_s0157_01,train
AcouDiet/ai/data/raw/public/carrot/esc_carrot_s0158_00.wav,carrot,,esc_carrot_s0158_00,train
AcouDiet/ai/data/raw/public/carrot/esc_carrot_s0158_01.wav,carrot,,esc_carrot_s0158_01,train
AcouDiet/ai/data/raw/public/carrot/esc_carrot_s0159_00.wav,carrot,,esc_carrot_s0159_00,train
AcouDiet/ai/data/raw/public/carrot/esc_carrot_s0159_01.wav,carrot,,esc_carrot_s0159_01,train
AcouDiet/ai/data/raw/public/carrot/esc_carrot_s0160_00.wav,carrot,,esc_carrot_s0160_00,train
AcouDiet/ai/data/raw/public/carrot/esc_carrot_s0160_01.wav,carrot,,esc_carrot_s0160_01,train
AcouDiet/ai/data/raw/public/carrot/esc_carrot_s0161_00.wav,carrot,,esc_carrot_s0161_00,train
AcouDiet/ai/data/raw/public/carrot/esc_carrot_s0161_01.wav,carrot,,esc_carrot_s0161_01,train
AcouDiet/ai/data/raw/public/carrot/esc_carrot_s0162_00.wav,carrot,,esc_carrot_s0162_00,train
AcouDiet/ai/data/raw/public/carrot/esc_carrot_s0162_01.wav,carrot,,esc_carrot_s0162_01,train
AcouDiet/ai/data/raw/public/carrot/esc_carrot_s0163_00.wav,carrot,,esc_carrot_s0163_00,train
AcouDiet/ai/data/raw/public/carrot/esc_carrot_s0163_01.wav,carrot,,esc_carrot_s0163_01,train
AcouDiet/ai/data/raw/public/carrot/esc_carrot_s0164_00.wav,carrot,,esc_carrot_s0164_00,train
AcouDiet/ai/data/raw/public/carrot/esc_carrot_s0164_01.wav,carrot,,esc_carrot_s0164_01,train
AcouDiet/ai/data/raw/public/carrot/esc_carrot_s0165_00.wav,carrot,,esc_carrot_s0165_00,train
AcouDiet/ai/data/raw/public/carrot/esc_carrot_s0165_01.wav,carrot,,esc_carrot_s0165_01,train
AcouDiet/ai/data/raw/public/carrot/esc_carrot_s0167_00.wav,carrot,,esc_carrot_s0167_00,train
AcouDiet/ai/data/raw/public/carrot/esc_carrot_s0167_01.wav,carrot,,esc_carrot_s0167_01,train
AcouDiet/ai/data/raw/public/carrot/esc_carrot_s0168_00.wav,carrot,,esc_carrot_s0168_00,train
AcouDiet/ai/data/raw/public/carrot/esc_carrot_s0168_01.wav,carrot,,esc_carrot_s0168_01,train
AcouDiet/ai/data/raw/public/carrot/esc_carrot_s0170_00.wav,carrot,,esc_carrot_s0170_00,train
AcouDiet/ai/data/raw/public/carrot/esc_carrot_s0170_01.wav,carrot,,esc_carrot_s0170_01,train
AcouDiet/ai/data/raw/public/carrot/esc_carrot_s0171_00.wav,carrot,,esc_carrot_s0171_00,train
AcouDiet/ai/data/raw/public/carrot/esc_carrot_s0171_01.wav,carrot,,esc_carrot_s0171_01,train
AcouDiet/ai/data/raw/public/carrot/esc_carrot_s0172_00.wav,carrot,,esc_carrot_s0172_00,train
AcouDiet/ai/data/raw/public/carrot/esc_carrot_s0172_01.wav,carrot,,esc_carrot_s0172_01,train
AcouDiet/ai/data/raw/public/carrot/esc_carrot_s0173_00.wav,carrot,,esc_carrot_s0173_00,train
AcouDiet/ai/data/raw/public/carrot/esc_carrot_s0173_01.wav,carrot,,esc_carrot_s0173_01,train
AcouDiet/ai/data/raw/public/carrot/esc_carrot_s0174_00.wav,carrot,,esc_carrot_s0174_00,train
AcouDiet/ai/data/raw/public/carrot/esc_carrot_s0174_01.wav,carrot,,esc_carrot_s0174_01,train
AcouDiet/ai/data/raw/public/carrot/esc_carrot_s0176_00.wav,carrot,,esc_carrot_s0176_00,train
AcouDiet/ai/data/raw/public/carrot/esc_carrot_s0176_01.wav,carrot,,esc_carrot_s0176_01,train
AcouDiet/ai/data/raw/public/carrot/esc_carrot_s0177_00.wav,carrot,,esc_carrot_s0177_00,train
AcouDiet/ai/data/raw/public/carrot/esc_carrot_s0177_01.wav,carrot,,esc_carrot_s0177_01,train
AcouDiet/ai/data/raw/public/carrot/esc_carrot_s0180_00.wav,carrot,,esc_carrot_s0180_00,train
AcouDiet/ai/data/raw/public/carrot/esc_carrot_s0180_01.wav,carrot,,esc_carrot_s0180_01,train
AcouDiet/ai/data/raw/public/carrot/esc_carrot_s0181_00.wav,carrot,,esc_carrot_s0181_00,train
AcouDiet/ai/data/raw/public/carrot/esc_carrot_s0181_01.wav,carrot,,esc_carrot_s0181_01,train
AcouDiet/ai/data/raw/public/carrot/esc_carrot_s0182_00.wav,carrot,,esc_carrot_s0182_00,train
AcouDiet/ai/data/raw/public/carrot/esc_carrot_s0182_01.wav,carrot,,esc_carrot_s0182_01,train
AcouDiet/ai/data/raw/public/carrot/esc_carrot_s0183_00.wav,carrot,,esc_carrot_s0183_00,train
AcouDiet/ai/data/raw/public/carrot/esc_carrot_s0183_01.wav,carrot,,esc_carrot_s0183_01,train
AcouDiet/ai/data/raw/public/carrot/esc_carrot_s0184_00.wav,carrot,,esc_carrot_s0184_00,train
AcouDiet/ai/data/raw/public/carrot/esc_carrot_s0184_01.wav,carrot,,esc_carrot_s0184_01,train
AcouDiet/ai/data/raw/public/carrot/esc_carrot_s0188_00.wav,carrot,,esc_carrot_s0188_00,train
AcouDiet/ai/data/raw/public/carrot/esc_carrot_s0188_01.wav,carrot,,esc_carrot_s0188_01,train
AcouDiet/ai/data/raw/public/carrot/esc_carrot_s0190_00.wav,carrot,,esc_carrot_s0190_00,train
AcouDiet/ai/data/raw/public/carrot/esc_carrot_s0190_01.wav,carrot,,esc_carrot_s0190_01,train
AcouDiet/ai/data/raw/public/carrot/esc_carrot_s0191_00.wav,carrot,,esc_carrot_s0191_00,train
AcouDiet/ai/data/raw/public/carrot/esc_carrot_s0191_01.wav,carrot,,esc_carrot_s0191_01,train
AcouDiet/ai/data/raw/public/carrot/esc_carrot_s0192_00.wav,carrot,,esc_carrot_s0192_00,train
AcouDiet/ai/data/raw/public/carrot/esc_carrot_s0192_01.wav,carrot,,esc_carrot_s0192_01,train
AcouDiet/ai/data/raw/public/carrot/esc_carrot_s0193_00.wav,carrot,,esc_carrot_s0193_00,train
AcouDiet/ai/data/raw/public/carrot/esc_carrot_s0193_01.wav,carrot,,esc_carrot_s0193_01,train
AcouDiet/ai/data/raw/public/carrot/esc_carrot_s0195_00.wav,carrot,,esc_carrot_s0195_00,train
AcouDiet/ai/data/raw/public/carrot/esc_carrot_s0195_01.wav,carrot,,esc_carrot_s0195_01,train
AcouDiet/ai/data/raw/public/carrot/esc_carrot_s0196_00.wav,carrot,,esc_carrot_s0196_00,train
AcouDiet/ai/data/raw/public/carrot/esc_carrot_s0196_01.wav,carrot,,esc_carrot_s0196_01,train
AcouDiet/ai/data/raw/public/carrot/esc_carrot_s0198_00.wav,carrot,,esc_carrot_s0198_00,train
AcouDiet/ai/data/raw/public/carrot/esc_carrot_s0198_01.wav,carrot,,esc_carrot_s0198_01,train
AcouDiet/ai/data/raw/public/carrot/esc_carrot_s0200_00.wav,carrot,,esc_carrot_s0200_00,train
AcouDiet/ai/data/raw/public/carrot/esc_carrot_s0200_01.wav,carrot,,esc_carrot_s0200_01,train
AcouDiet/ai/data/raw/public/carrot/esc_carrot_s0201_00.wav,carrot,,esc_carrot_s0201_00,train
AcouDiet/ai/data/raw/public/carrot/esc_carrot_s0201_01.wav,carrot,,esc_carrot_s0201_01,train
AcouDiet/ai/data/raw/public/carrot/esc_carrot_s0202_00.wav,carrot,,esc_carrot_s0202_00,train
AcouDiet/ai/data/raw/public/carrot/esc_carrot_s0202_01.wav,carrot,,esc_carrot_s0202_01,train
AcouDiet/ai/data/raw/public/carrot/esc_carrot_s0203_00.wav,carrot,,esc_carrot_s0203_00,train
AcouDiet/ai/data/raw/public/carrot/esc_carrot_s0203_01.wav,carrot,,esc_carrot_s0203_01,train
AcouDiet/ai/data/raw/public/carrot/esc_carrot_s0204_00.wav,carrot,,esc_carrot_s0204_00,train
AcouDiet/ai/data/raw/public/carrot/esc_carrot_s0204_01.wav,carrot,,esc_carrot_s0204_01,train
AcouDiet/ai/data/raw/public/carrot/esc_carrot_s0205_00.wav,carrot,,esc_carrot_s0205_00,train
AcouDiet/ai/data/raw/public/carrot/esc_carrot_s0205_01.wav,carrot,,esc_carrot_s0205_01,train
AcouDiet/ai/data/raw/public/carrot/esc_carrot_s0207_00.wav,carrot,,esc_carrot_s0207_00,train
AcouDiet/ai/data/raw/public/carrot/esc_carrot_s0207_01.wav,carrot,,esc_carrot_s0207_01,train
AcouDiet/ai/data/raw/public/carrot/esc_carrot_s0209_00.wav,carrot,,esc_carrot_s0209_00,train
AcouDiet/ai/data/raw/public/carrot/esc_carrot_s0209_01.wav,carrot,,esc_carrot_s0209_01,train
AcouDiet/ai/data/raw/public/carrot/esc_carrot_s0210_00.wav,carrot,,esc_carrot_s0210_00,train
AcouDiet/ai/data/raw/public/carrot/esc_carrot_s0210_01.wav,carrot,,esc_carrot_s0210_01,train
AcouDiet/ai/data/raw/public/carrot/esc_carrot_s0212_00.wav,carrot,,esc_carrot_s0212_00,train
AcouDiet/ai/data/raw/public/carrot/esc_carrot_s0212_01.wav,carrot,,esc_carrot_s0212_01,train
AcouDiet/ai/data/raw/public/carrot/esc_carrot_s0213_00.wav,carrot,,esc_carrot_s0213_00,train
AcouDiet/ai/data/raw/public/carrot/esc_carrot_s0213_01.wav,carrot,,esc_carrot_s0213_01,train
AcouDiet/ai/data/raw/public/carrot/esc_carrot_s0214_00.wav,carrot,,esc_carrot_s0214_00,train
AcouDiet/ai/data/raw/public/carrot/esc_carrot_s0214_01.wav,carrot,,esc_carrot_s0214_01,train
AcouDiet/ai/data/raw/public/carrot/esc_carrot_s0216_00.wav,carrot,,esc_carrot_s0216_00,train
AcouDiet/ai/data/raw/public/carrot/esc_carrot_s0216_01.wav,carrot,,esc_carrot_s0216_01,train
AcouDiet/ai/data/raw/public/carrot/esc_carrot_s0217_00.wav,carrot,,esc_carrot_s0217_00,train
AcouDiet/ai/data/raw/public/carrot/esc_carrot_s0217_01.wav,carrot,,esc_carrot_s0217_01,train
AcouDiet/ai/data/raw/public/carrot/esc_carrot_s0220_00.wav,carrot,,esc_carrot_s0220_00,train
AcouDiet/ai/data/raw/public/carrot/esc_carrot_s0220_01.wav,carrot,,esc_carrot_s0220_01,train
AcouDiet/ai/data/raw/public/carrot/esc_carrot_s0221_00.wav,carrot,,esc_carrot_s0221_00,train
AcouDiet/ai/data/raw/public/carrot/esc_carrot_s0221_01.wav,carrot,,esc_carrot_s0221_01,train
AcouDiet/ai/data/raw/public/carrot/esc_carrot_s0222_00.wav,carrot,,esc_carrot_s0222_00,train
AcouDiet/ai/data/raw/public/carrot/esc_carrot_s0222_01.wav,carrot,,esc_carrot_s0222_01,train
AcouDiet/ai/data/raw/public/carrot/esc_carrot_s0223_00.wav,carrot,,esc_carrot_s0223_00,train
AcouDiet/ai/data/raw/public/carrot/esc_carrot_s0223_01.wav,carrot,,esc_carrot_s0223_01,train
AcouDiet/ai/data/raw/public/carrot/esc_carrot_s0224_00.wav,carrot,,esc_carrot_s0224_00,train
AcouDiet/ai/data/raw/public/carrot/esc_carrot_s0224_01.wav,carrot,,esc_carrot_s0224_01,train
AcouDiet/ai/data/raw/public/carrot/esc_carrot_s0225_00.wav,carrot,,esc_carrot_s0225_00,train
AcouDiet/ai/data/raw/public/carrot/esc_carrot_s0225_01.wav,carrot,,esc_carrot_s0225_01,train
AcouDiet/ai/data/raw/public/carrot/esc_carrot_s0226_00.wav,carrot,,esc_carrot_s0226_00,train
AcouDiet/ai/data/raw/public/carrot/esc_carrot_s0226_01.wav,carrot,,esc_carrot_s0226_01,train
AcouDiet/ai/data/raw/public/carrot/esc_carrot_s0228_00.wav,carrot,,esc_carrot_s0228_00,train
AcouDiet/ai/data/raw/public/carrot/esc_carrot_s0228_01.wav,carrot,,esc_carrot_s0228_01,train
AcouDiet/ai/data/raw/public/carrot/esc_carrot_s0229_00.wav,carrot,,esc_carrot_s0229_00,train
AcouDiet/ai/data/raw/public/carrot/esc_carrot_s0229_01.wav,carrot,,esc_carrot_s0229_01,train
AcouDiet/ai/data/raw/public/carrot/esc_carrot_s0230_00.wav,carrot,,esc_carrot_s0230_00,train
AcouDiet/ai/data/raw/public/carrot/esc_carrot_s0230_01.wav,carrot,,esc_carrot_s0230_01,train
AcouDiet/ai/data/raw/public/carrot/esc_carrot_s0231_00.wav,carrot,,esc_carrot_s0231_00,train
AcouDiet/ai/data/raw/public/carrot/esc_carrot_s0231_01.wav,carrot,,esc_carrot_s0231_01,train
AcouDiet/ai/data/raw/public/carrot/esc_carrot_s0233_00.wav,carrot,,esc_carrot_s0233_00,train
AcouDiet/ai/data/raw/public/carrot/esc_carrot_s0233_01.wav,carrot,,esc_carrot_s0233_01,train
AcouDiet/ai/data/raw/public/carrot/esc_carrot_s0234_00.wav,carrot,,esc_carrot_s0234_00,train
AcouDiet/ai/data/raw/public/carrot/esc_carrot_s0234_01.wav,carrot,,esc_carrot_s0234_01,train
AcouDiet/ai/data/raw/public/carrot/esc_carrot_s0236_00.wav,carrot,,esc_carrot_s0236_00,train
AcouDiet/ai/data/raw/public/carrot/esc_carrot_s0236_01.wav,carrot,,esc_carrot_s0236_01,train
AcouDiet/ai/data/raw/public/carrot/esc_carrot_s0239_00.wav,carrot,,esc_carrot_s0239_00,train
AcouDiet/ai/data/raw/public/carrot/esc_carrot_s0239_01.wav,carrot,,esc_carrot_s0239_01,train
AcouDiet/ai/data/raw/public/carrot/esc_carrot_s0242_00.wav,carrot,,esc_carrot_s0242_00,train
AcouDiet/ai/data/raw/public/carrot/esc_carrot_s0242_01.wav,carrot,,esc_carrot_s0242_01,train
AcouDiet/ai/data/raw/public/carrot/esc_carrot_s0243_00.wav,carrot,,esc_carrot_s0243_00,train
AcouDiet/ai/data/raw/public/carrot/esc_carrot_s0243_01.wav,carrot,,esc_carrot_s0243_01,train
AcouDiet/ai/data/raw/public/carrot/esc_carrot_s0244_00.wav,carrot,,esc_carrot_s0244_00,train
AcouDiet/ai/data/raw/public/carrot/esc_carrot_s0244_01.wav,carrot,,esc_carrot_s0244_01,train
AcouDiet/ai/data/raw/public/carrot/esc_carrot_s0245_00.wav,carrot,,esc_carrot_s0245_00,train
AcouDiet/ai/data/raw/public/carrot/esc_carrot_s0245_01.wav,carrot,,esc_carrot_s0245_01,train
AcouDiet/ai/data/raw/public/carrot/esc_carrot_s0248_00.wav,carrot,,esc_carrot_s0248_00,train
AcouDiet/ai/data/raw/public/carrot/esc_carrot_s0248_01.wav,carrot,,esc_carrot_s0248_01,train
AcouDiet/ai/data/raw/public/carrot/esc_carrot_s0249_00.wav,carrot,,esc_carrot_s0249_00,train
AcouDiet/ai/data/raw/public/carrot/esc_carrot_s0249_01.wav,carrot,,esc_carrot_s0249_01,train
AcouDiet/ai/data/raw/public/carrot/esc_carrot_s0251_00.wav,carrot,,esc_carrot_s0251_00,train
AcouDiet/ai/data/raw/public/carrot/esc_carrot_s0251_01.wav,carrot,,esc_carrot_s0251_01,train
AcouDiet/ai/data/raw/public/carrot/esc_carrot_s0252_00.wav,carrot,,esc_carrot_s0252_00,train
AcouDiet/ai/data/raw/public/carrot/esc_carrot_s0252_01.wav,carrot,,esc_carrot_s0252_01,train
AcouDiet/ai/data/raw/public/carrot/esc_carrot_s0254_00.wav,carrot,,esc_carrot_s0254_00,train
AcouDiet/ai/data/raw/public/carrot/esc_carrot_s0254_01.wav,carrot,,esc_carrot_s0254_01,train
AcouDiet/ai/data/raw/public/carrot/esc_carrot_s0255_00.wav,carrot,,esc_carrot_s0255_00,train
AcouDiet/ai/data/raw/public/carrot/esc_carrot_s0255_01.wav,carrot,,esc_carrot_s0255_01,train
AcouDiet/ai/data/raw/public/carrot/esc_carrot_s0256_00.wav,carrot,,esc_carrot_s0256_00,train
AcouDiet/ai/data/raw/public/carrot/esc_carrot_s0256_01.wav,carrot,,esc_carrot_s0256_01,train
AcouDiet/ai/data/raw/public/carrot/esc_carrot_s0258_00.wav,carrot,,esc_carrot_s0258_00,train
AcouDiet/ai/data/raw/public/carrot/esc_carrot_s0258_01.wav,carrot,,esc_carrot_s0258_01,train
AcouDiet/ai/data/raw/public/chips/esc_chips_s0000_00.wav,chips,,esc_chips_s0000_00,train
AcouDiet/ai/data/raw/public/chips/esc_chips_s0000_01.wav,chips,,esc_chips_s0000_01,train
AcouDiet/ai/data/raw/public/chips/esc_chips_s0001_00.wav,chips,,esc_chips_s0001_00,train
AcouDiet/ai/data/raw/public/chips/esc_chips_s0001_01.wav,chips,,esc_chips_s0001_01,train
AcouDiet/ai/data/raw/public/chips/esc_chips_s0002_00.wav,chips,,esc_chips_s0002_00,train
AcouDiet/ai/data/raw/public/chips/esc_chips_s0002_01.wav,chips,,esc_chips_s0002_01,train
AcouDiet/ai/data/raw/public/chips/esc_chips_s0005_00.wav,chips,,esc_chips_s0005_00,train
AcouDiet/ai/data/raw/public/chips/esc_chips_s0005_01.wav,chips,,esc_chips_s0005_01,train
AcouDiet/ai/data/raw/public/chips/esc_chips_s0006_00.wav,chips,,esc_chips_s0006_00,train
AcouDiet/ai/data/raw/public/chips/esc_chips_s0006_01.wav,chips,,esc_chips_s0006_01,train
AcouDiet/ai/data/raw/public/chips/esc_chips_s0007_00.wav,chips,,esc_chips_s0007_00,train
AcouDiet/ai/data/raw/public/chips/esc_chips_s0007_01.wav,chips,,esc_chips_s0007_01,train
AcouDiet/ai/data/raw/public/chips/esc_chips_s0009_00.wav,chips,,esc_chips_s0009_00,train
AcouDiet/ai/data/raw/public/chips/esc_chips_s0009_01.wav,chips,,esc_chips_s0009_01,train
AcouDiet/ai/data/raw/public/chips/esc_chips_s0010_00.wav,chips,,esc_chips_s0010_00,train
AcouDiet/ai/data/raw/public/chips/esc_chips_s0010_01.wav,chips,,esc_chips_s0010_01,train
AcouDiet/ai/data/raw/public/chips/esc_chips_s0011_00.wav,chips,,esc_chips_s0011_00,train
AcouDiet/ai/data/raw/public/chips/esc_chips_s0011_01.wav,chips,,esc_chips_s0011_01,train
AcouDiet/ai/data/raw/public/chips/esc_chips_s0012_00.wav,chips,,esc_chips_s0012_00,train
AcouDiet/ai/data/raw/public/chips/esc_chips_s0012_01.wav,chips,,esc_chips_s0012_01,train
AcouDiet/ai/data/raw/public/chips/esc_chips_s0014_00.wav,chips,,esc_chips_s0014_00,train
AcouDiet/ai/data/raw/public/chips/esc_chips_s0014_01.wav,chips,,esc_chips_s0014_01,train
AcouDiet/ai/data/raw/public/chips/esc_chips_s0015_00.wav,chips,,esc_chips_s0015_00,train
AcouDiet/ai/data/raw/public/chips/esc_chips_s0015_01.wav,chips,,esc_chips_s0015_01,train
AcouDiet/ai/data/raw/public/chips/esc_chips_s0016_00.wav,chips,,esc_chips_s0016_00,train
AcouDiet/ai/data/raw/public/chips/esc_chips_s0016_01.wav,chips,,esc_chips_s0016_01,train
AcouDiet/ai/data/raw/public/chips/esc_chips_s0017_00.wav,chips,,esc_chips_s0017_00,train
AcouDiet/ai/data/raw/public/chips/esc_chips_s0017_01.wav,chips,,esc_chips_s0017_01,train
AcouDiet/ai/data/raw/public/chips/esc_chips_s0019_00.wav,chips,,esc_chips_s0019_00,train
AcouDiet/ai/data/raw/public/chips/esc_chips_s0019_01.wav,chips,,esc_chips_s0019_01,train
AcouDiet/ai/data/raw/public/chips/esc_chips_s0021_00.wav,chips,,esc_chips_s0021_00,train
AcouDiet/ai/data/raw/public/chips/esc_chips_s0021_01.wav,chips,,esc_chips_s0021_01,train
AcouDiet/ai/data/raw/public/chips/esc_chips_s0022_00.wav,chips,,esc_chips_s0022_00,train
AcouDiet/ai/data/raw/public/chips/esc_chips_s0022_01.wav,chips,,esc_chips_s0022_01,train
AcouDiet/ai/data/raw/public/chips/esc_chips_s0023_00.wav,chips,,esc_chips_s0023_00,train
AcouDiet/ai/data/raw/public/chips/esc_chips_s0023_01.wav,chips,,esc_chips_s0023_01,train
AcouDiet/ai/data/raw/public/chips/esc_chips_s0024_00.wav,chips,,esc_chips_s0024_00,train
AcouDiet/ai/data/raw/public/chips/esc_chips_s0024_01.wav,chips,,esc_chips_s0024_01,train
AcouDiet/ai/data/raw/public/chips/esc_chips_s0026_00.wav,chips,,esc_chips_s0026_00,train
AcouDiet/ai/data/raw/public/chips/esc_chips_s0026_01.wav,chips,,esc_chips_s0026_01,train
AcouDiet/ai/data/raw/public/chips/esc_chips_s0027_00.wav,chips,,esc_chips_s0027_00,train
AcouDiet/ai/data/raw/public/chips/esc_chips_s0027_01.wav,chips,,esc_chips_s0027_01,train
AcouDiet/ai/data/raw/public/chips/esc_chips_s0031_00.wav,chips,,esc_chips_s0031_00,train
AcouDiet/ai/data/raw/public/chips/esc_chips_s0031_01.wav,chips,,esc_chips_s0031_01,train
AcouDiet/ai/data/raw/public/chips/esc_chips_s0034_00.wav,chips,,esc_chips_s0034_00,train
AcouDiet/ai/data/raw/public/chips/esc_chips_s0034_01.wav,chips,,esc_chips_s0034_01,train
AcouDiet/ai/data/raw/public/chips/esc_chips_s0035_00.wav,chips,,esc_chips_s0035_00,train
AcouDiet/ai/data/raw/public/chips/esc_chips_s0035_01.wav,chips,,esc_chips_s0035_01,train
AcouDiet/ai/data/raw/public/chips/esc_chips_s0036_00.wav,chips,,esc_chips_s0036_00,train
AcouDiet/ai/data/raw/public/chips/esc_chips_s0036_01.wav,chips,,esc_chips_s0036_01,train
AcouDiet/ai/data/raw/public/chips/esc_chips_s0037_00.wav,chips,,esc_chips_s0037_00,train
AcouDiet/ai/data/raw/public/chips/esc_chips_s0037_01.wav,chips,,esc_chips_s0037_01,train
AcouDiet/ai/data/raw/public/chips/esc_chips_s0038_00.wav,chips,,esc_chips_s0038_00,train
AcouDiet/ai/data/raw/public/chips/esc_chips_s0038_01.wav,chips,,esc_chips_s0038_01,train
AcouDiet/ai/data/raw/public/chips/esc_chips_s0039_00.wav,chips,,esc_chips_s0039_00,train
AcouDiet/ai/data/raw/public/chips/esc_chips_s0039_01.wav,chips,,esc_chips_s0039_01,train
AcouDiet/ai/data/raw/public/chips/esc_chips_s0043_00.wav,chips,,esc_chips_s0043_00,train
AcouDiet/ai/data/raw/public/chips/esc_chips_s0043_01.wav,chips,,esc_chips_s0043_01,train
AcouDiet/ai/data/raw/public/chips/esc_chips_s0044_00.wav,chips,,esc_chips_s0044_00,train
AcouDiet/ai/data/raw/public/chips/esc_chips_s0044_01.wav,chips,,esc_chips_s0044_01,train
AcouDiet/ai/data/raw/public/chips/esc_chips_s0045_00.wav,chips,,esc_chips_s0045_00,train
AcouDiet/ai/data/raw/public/chips/esc_chips_s0045_01.wav,chips,,esc_chips_s0045_01,train
AcouDiet/ai/data/raw/public/chips/esc_chips_s0046_00.wav,chips,,esc_chips_s0046_00,train
AcouDiet/ai/data/raw/public/chips/esc_chips_s0046_01.wav,chips,,esc_chips_s0046_01,train
AcouDiet/ai/data/raw/public/chips/esc_chips_s0048_00.wav,chips,,esc_chips_s0048_00,train
AcouDiet/ai/data/raw/public/chips/esc_chips_s0048_01.wav,chips,,esc_chips_s0048_01,train
AcouDiet/ai/data/raw/public/chips/esc_chips_s0049_00.wav,chips,,esc_chips_s0049_00,train
AcouDiet/ai/data/raw/public/chips/esc_chips_s0049_01.wav,chips,,esc_chips_s0049_01,train
AcouDiet/ai/data/raw/public/chips/esc_chips_s0050_00.wav,chips,,esc_chips_s0050_00,train
AcouDiet/ai/data/raw/public/chips/esc_chips_s0050_01.wav,chips,,esc_chips_s0050_01,train
AcouDiet/ai/data/raw/public/chips/esc_chips_s0054_00.wav,chips,,esc_chips_s0054_00,train
AcouDiet/ai/data/raw/public/chips/esc_chips_s0054_01.wav,chips,,esc_chips_s0054_01,train
AcouDiet/ai/data/raw/public/chips/esc_chips_s0056_00.wav,chips,,esc_chips_s0056_00,train
AcouDiet/ai/data/raw/public/chips/esc_chips_s0056_01.wav,chips,,esc_chips_s0056_01,train
AcouDiet/ai/data/raw/public/chips/esc_chips_s0057_00.wav,chips,,esc_chips_s0057_00,train
AcouDiet/ai/data/raw/public/chips/esc_chips_s0057_01.wav,chips,,esc_chips_s0057_01,train
AcouDiet/ai/data/raw/public/chips/esc_chips_s0059_00.wav,chips,,esc_chips_s0059_00,train
AcouDiet/ai/data/raw/public/chips/esc_chips_s0059_01.wav,chips,,esc_chips_s0059_01,train
AcouDiet/ai/data/raw/public/chips/esc_chips_s0060_00.wav,chips,,esc_chips_s0060_00,train
AcouDiet/ai/data/raw/public/chips/esc_chips_s0060_01.wav,chips,,esc_chips_s0060_01,train
AcouDiet/ai/data/raw/public/chips/esc_chips_s0061_00.wav,chips,,esc_chips_s0061_00,train
AcouDiet/ai/data/raw/public/chips/esc_chips_s0061_01.wav,chips,,esc_chips_s0061_01,train
AcouDiet/ai/data/raw/public/chips/esc_chips_s0065_00.wav,chips,,esc_chips_s0065_00,train
AcouDiet/ai/data/raw/public/chips/esc_chips_s0065_01.wav,chips,,esc_chips_s0065_01,train
AcouDiet/ai/data/raw/public/chips/esc_chips_s0066_00.wav,chips,,esc_chips_s0066_00,train
AcouDiet/ai/data/raw/public/chips/esc_chips_s0066_01.wav,chips,,esc_chips_s0066_01,train
AcouDiet/ai/data/raw/public/chips/esc_chips_s0067_00.wav,chips,,esc_chips_s0067_00,train
AcouDiet/ai/data/raw/public/chips/esc_chips_s0067_01.wav,chips,,esc_chips_s0067_01,train
AcouDiet/ai/data/raw/public/chips/esc_chips_s0068_00.wav,chips,,esc_chips_s0068_00,train
AcouDiet/ai/data/raw/public/chips/esc_chips_s0068_01.wav,chips,,esc_chips_s0068_01,train
AcouDiet/ai/data/raw/public/chips/esc_chips_s0070_00.wav,chips,,esc_chips_s0070_00,train
AcouDiet/ai/data/raw/public/chips/esc_chips_s0070_01.wav,chips,,esc_chips_s0070_01,train
AcouDiet/ai/data/raw/public/chips/esc_chips_s0074_00.wav,chips,,esc_chips_s0074_00,train
AcouDiet/ai/data/raw/public/chips/esc_chips_s0074_01.wav,chips,,esc_chips_s0074_01,train
AcouDiet/ai/data/raw/public/chips/esc_chips_s0075_00.wav,chips,,esc_chips_s0075_00,train
AcouDiet/ai/data/raw/public/chips/esc_chips_s0075_01.wav,chips,,esc_chips_s0075_01,train
AcouDiet/ai/data/raw/public/chips/esc_chips_s0076_00.wav,chips,,esc_chips_s0076_00,train
AcouDiet/ai/data/raw/public/chips/esc_chips_s0076_01.wav,chips,,esc_chips_s0076_01,train
AcouDiet/ai/data/raw/public/chips/esc_chips_s0077_00.wav,chips,,esc_chips_s0077_00,train
AcouDiet/ai/data/raw/public/chips/esc_chips_s0077_01.wav,chips,,esc_chips_s0077_01,train
AcouDiet/ai/data/raw/public/chips/esc_chips_s0078_00.wav,chips,,esc_chips_s0078_00,train
AcouDiet/ai/data/raw/public/chips/esc_chips_s0078_01.wav,chips,,esc_chips_s0078_01,train
AcouDiet/ai/data/raw/public/chips/esc_chips_s0079_00.wav,chips,,esc_chips_s0079_00,train
AcouDiet/ai/data/raw/public/chips/esc_chips_s0079_01.wav,chips,,esc_chips_s0079_01,train
AcouDiet/ai/data/raw/public/chips/esc_chips_s0080_00.wav,chips,,esc_chips_s0080_00,train
AcouDiet/ai/data/raw/public/chips/esc_chips_s0080_01.wav,chips,,esc_chips_s0080_01,train
AcouDiet/ai/data/raw/public/chips/esc_chips_s0081_00.wav,chips,,esc_chips_s0081_00,train
AcouDiet/ai/data/raw/public/chips/esc_chips_s0081_01.wav,chips,,esc_chips_s0081_01,train
AcouDiet/ai/data/raw/public/chips/esc_chips_s0084_00.wav,chips,,esc_chips_s0084_00,train
AcouDiet/ai/data/raw/public/chips/esc_chips_s0084_01.wav,chips,,esc_chips_s0084_01,train
AcouDiet/ai/data/raw/public/chips/esc_chips_s0085_00.wav,chips,,esc_chips_s0085_00,train
AcouDiet/ai/data/raw/public/chips/esc_chips_s0085_01.wav,chips,,esc_chips_s0085_01,train
AcouDiet/ai/data/raw/public/chips/esc_chips_s0090_00.wav,chips,,esc_chips_s0090_00,train
AcouDiet/ai/data/raw/public/chips/esc_chips_s0090_01.wav,chips,,esc_chips_s0090_01,train
AcouDiet/ai/data/raw/public/chips/esc_chips_s0091_00.wav,chips,,esc_chips_s0091_00,train
AcouDiet/ai/data/raw/public/chips/esc_chips_s0091_01.wav,chips,,esc_chips_s0091_01,train
AcouDiet/ai/data/raw/public/chips/esc_chips_s0093_00.wav,chips,,esc_chips_s0093_00,train
AcouDiet/ai/data/raw/public/chips/esc_chips_s0093_01.wav,chips,,esc_chips_s0093_01,train
AcouDiet/ai/data/raw/public/chips/esc_chips_s0094_00.wav,chips,,esc_chips_s0094_00,train
AcouDiet/ai/data/raw/public/chips/esc_chips_s0094_01.wav,chips,,esc_chips_s0094_01,train
AcouDiet/ai/data/raw/public/chips/esc_chips_s0095_00.wav,chips,,esc_chips_s0095_00,train
AcouDiet/ai/data/raw/public/chips/esc_chips_s0095_01.wav,chips,,esc_chips_s0095_01,train
AcouDiet/ai/data/raw/public/chips/esc_chips_s0096_00.wav,chips,,esc_chips_s0096_00,train
AcouDiet/ai/data/raw/public/chips/esc_chips_s0096_01.wav,chips,,esc_chips_s0096_01,train
AcouDiet/ai/data/raw/public/chips/esc_chips_s0097_00.wav,chips,,esc_chips_s0097_00,train
AcouDiet/ai/data/raw/public/chips/esc_chips_s0097_01.wav,chips,,esc_chips_s0097_01,train
AcouDiet/ai/data/raw/public/chips/esc_chips_s0098_00.wav,chips,,esc_chips_s0098_00,train
AcouDiet/ai/data/raw/public/chips/esc_chips_s0098_01.wav,chips,,esc_chips_s0098_01,train
AcouDiet/ai/data/raw/public/chips/esc_chips_s0100_00.wav,chips,,esc_chips_s0100_00,train
AcouDiet/ai/data/raw/public/chips/esc_chips_s0100_01.wav,chips,,esc_chips_s0100_01,train
AcouDiet/ai/data/raw/public/chips/esc_chips_s0101_00.wav,chips,,esc_chips_s0101_00,train
AcouDiet/ai/data/raw/public/chips/esc_chips_s0101_01.wav,chips,,esc_chips_s0101_01,train
AcouDiet/ai/data/raw/public/chips/esc_chips_s0102_00.wav,chips,,esc_chips_s0102_00,train
AcouDiet/ai/data/raw/public/chips/esc_chips_s0102_01.wav,chips,,esc_chips_s0102_01,train
AcouDiet/ai/data/raw/public/chips/esc_chips_s0103_00.wav,chips,,esc_chips_s0103_00,train
AcouDiet/ai/data/raw/public/chips/esc_chips_s0103_01.wav,chips,,esc_chips_s0103_01,train
AcouDiet/ai/data/raw/public/chips/esc_chips_s0105_00.wav,chips,,esc_chips_s0105_00,train
AcouDiet/ai/data/raw/public/chips/esc_chips_s0105_01.wav,chips,,esc_chips_s0105_01,train
AcouDiet/ai/data/raw/public/chips/esc_chips_s0106_00.wav,chips,,esc_chips_s0106_00,train
AcouDiet/ai/data/raw/public/chips/esc_chips_s0106_01.wav,chips,,esc_chips_s0106_01,train
AcouDiet/ai/data/raw/public/chips/esc_chips_s0108_00.wav,chips,,esc_chips_s0108_00,train
AcouDiet/ai/data/raw/public/chips/esc_chips_s0108_01.wav,chips,,esc_chips_s0108_01,train
AcouDiet/ai/data/raw/public/chips/esc_chips_s0109_00.wav,chips,,esc_chips_s0109_00,train
AcouDiet/ai/data/raw/public/chips/esc_chips_s0109_01.wav,chips,,esc_chips_s0109_01,train
AcouDiet/ai/data/raw/public/chips/esc_chips_s0110_00.wav,chips,,esc_chips_s0110_00,train
AcouDiet/ai/data/raw/public/chips/esc_chips_s0110_01.wav,chips,,esc_chips_s0110_01,train
AcouDiet/ai/data/raw/public/chips/esc_chips_s0111_00.wav,chips,,esc_chips_s0111_00,train
AcouDiet/ai/data/raw/public/chips/esc_chips_s0111_01.wav,chips,,esc_chips_s0111_01,train
AcouDiet/ai/data/raw/public/chips/esc_chips_s0113_00.wav,chips,,esc_chips_s0113_00,train
AcouDiet/ai/data/raw/public/chips/esc_chips_s0113_01.wav,chips,,esc_chips_s0113_01,train
AcouDiet/ai/data/raw/public/chips/esc_chips_s0114_00.wav,chips,,esc_chips_s0114_00,train
AcouDiet/ai/data/raw/public/chips/esc_chips_s0114_01.wav,chips,,esc_chips_s0114_01,train
AcouDiet/ai/data/raw/public/chips/esc_chips_s0115_00.wav,chips,,esc_chips_s0115_00,train
AcouDiet/ai/data/raw/public/chips/esc_chips_s0115_01.wav,chips,,esc_chips_s0115_01,train
AcouDiet/ai/data/raw/public/chips/esc_chips_s0116_00.wav,chips,,esc_chips_s0116_00,train
AcouDiet/ai/data/raw/public/chips/esc_chips_s0116_01.wav,chips,,esc_chips_s0116_01,train
AcouDiet/ai/data/raw/public/chips/esc_chips_s0117_00.wav,chips,,esc_chips_s0117_00,train
AcouDiet/ai/data/raw/public/chips/esc_chips_s0117_01.wav,chips,,esc_chips_s0117_01,train
AcouDiet/ai/data/raw/public/chips/esc_chips_s0118_00.wav,chips,,esc_chips_s0118_00,train
AcouDiet/ai/data/raw/public/chips/esc_chips_s0118_01.wav,chips,,esc_chips_s0118_01,train
AcouDiet/ai/data/raw/public/chips/esc_chips_s0119_00.wav,chips,,esc_chips_s0119_00,train
AcouDiet/ai/data/raw/public/chips/esc_chips_s0119_01.wav,chips,,esc_chips_s0119_01,train
AcouDiet/ai/data/raw/public/chips/esc_chips_s0120_00.wav,chips,,esc_chips_s0120_00,train
AcouDiet/ai/data/raw/public/chips/esc_chips_s0120_01.wav,chips,,esc_chips_s0120_01,train
AcouDiet/ai/data/raw/public/chips/esc_chips_s0121_00.wav,chips,,esc_chips_s0121_00,train
AcouDiet/ai/data/raw/public/chips/esc_chips_s0121_01.wav,chips,,esc_chips_s0121_01,train
AcouDiet/ai/data/raw/public/chips/esc_chips_s0122_00.wav,chips,,esc_chips_s0122_00,train
AcouDiet/ai/data/raw/public/chips/esc_chips_s0122_01.wav,chips,,esc_chips_s0122_01,train
AcouDiet/ai/data/raw/public/chips/esc_chips_s0123_00.wav,chips,,esc_chips_s0123_00,train
AcouDiet/ai/data/raw/public/chips/esc_chips_s0123_01.wav,chips,,esc_chips_s0123_01,train
AcouDiet/ai/data/raw/public/chips/esc_chips_s0124_00.wav,chips,,esc_chips_s0124_00,train
AcouDiet/ai/data/raw/public/chips/esc_chips_s0124_01.wav,chips,,esc_chips_s0124_01,train
AcouDiet/ai/data/raw/public/chips/esc_chips_s0125_00.wav,chips,,esc_chips_s0125_00,train
AcouDiet/ai/data/raw/public/chips/esc_chips_s0125_01.wav,chips,,esc_chips_s0125_01,train
AcouDiet/ai/data/raw/public/chips/esc_chips_s0126_00.wav,chips,,esc_chips_s0126_00,train
AcouDiet/ai/data/raw/public/chips/esc_chips_s0126_01.wav,chips,,esc_chips_s0126_01,train
AcouDiet/ai/data/raw/public/chips/esc_chips_s0127_00.wav,chips,,esc_chips_s0127_00,train
AcouDiet/ai/data/raw/public/chips/esc_chips_s0127_01.wav,chips,,esc_chips_s0127_01,train
AcouDiet/ai/data/raw/public/chips/esc_chips_s0128_00.wav,chips,,esc_chips_s0128_00,train
AcouDiet/ai/data/raw/public/chips/esc_chips_s0128_01.wav,chips,,esc_chips_s0128_01,train
AcouDiet/ai/data/raw/public/chips/esc_chips_s0129_00.wav,chips,,esc_chips_s0129_00,train
AcouDiet/ai/data/raw/public/chips/esc_chips_s0129_01.wav,chips,,esc_chips_s0129_01,train
AcouDiet/ai/data/raw/public/chips/esc_chips_s0130_00.wav,chips,,esc_chips_s0130_00,train
AcouDiet/ai/data/raw/public/chips/esc_chips_s0130_01.wav,chips,,esc_chips_s0130_01,train
AcouDiet/ai/data/raw/public/chips/esc_chips_s0131_00.wav,chips,,esc_chips_s0131_00,train
AcouDiet/ai/data/raw/public/chips/esc_chips_s0131_01.wav,chips,,esc_chips_s0131_01,train
AcouDiet/ai/data/raw/public/chips/esc_chips_s0134_00.wav,chips,,esc_chips_s0134_00,train
AcouDiet/ai/data/raw/public/chips/esc_chips_s0134_01.wav,chips,,esc_chips_s0134_01,train
AcouDiet/ai/data/raw/public/chips/esc_chips_s0135_00.wav,chips,,esc_chips_s0135_00,train
AcouDiet/ai/data/raw/public/chips/esc_chips_s0135_01.wav,chips,,esc_chips_s0135_01,train
AcouDiet/ai/data/raw/public/chips/esc_chips_s0137_00.wav,chips,,esc_chips_s0137_00,train
AcouDiet/ai/data/raw/public/chips/esc_chips_s0137_01.wav,chips,,esc_chips_s0137_01,train
AcouDiet/ai/data/raw/public/chips/esc_chips_s0138_00.wav,chips,,esc_chips_s0138_00,train
AcouDiet/ai/data/raw/public/chips/esc_chips_s0138_01.wav,chips,,esc_chips_s0138_01,train
AcouDiet/ai/data/raw/public/chips/esc_chips_s0139_00.wav,chips,,esc_chips_s0139_00,train
AcouDiet/ai/data/raw/public/chips/esc_chips_s0139_01.wav,chips,,esc_chips_s0139_01,train
AcouDiet/ai/data/raw/public/chips/esc_chips_s0140_00.wav,chips,,esc_chips_s0140_00,train
AcouDiet/ai/data/raw/public/chips/esc_chips_s0140_01.wav,chips,,esc_chips_s0140_01,train
AcouDiet/ai/data/raw/public/chips/esc_chips_s0142_00.wav,chips,,esc_chips_s0142_00,train
AcouDiet/ai/data/raw/public/chips/esc_chips_s0142_01.wav,chips,,esc_chips_s0142_01,train
AcouDiet/ai/data/raw/public/chips/esc_chips_s0143_00.wav,chips,,esc_chips_s0143_00,train
AcouDiet/ai/data/raw/public/chips/esc_chips_s0143_01.wav,chips,,esc_chips_s0143_01,train
AcouDiet/ai/data/raw/public/chips/esc_chips_s0144_00.wav,chips,,esc_chips_s0144_00,train
AcouDiet/ai/data/raw/public/chips/esc_chips_s0144_01.wav,chips,,esc_chips_s0144_01,train
AcouDiet/ai/data/raw/public/chips/esc_chips_s0145_00.wav,chips,,esc_chips_s0145_00,train
AcouDiet/ai/data/raw/public/chips/esc_chips_s0145_01.wav,chips,,esc_chips_s0145_01,train
AcouDiet/ai/data/raw/public/chips/esc_chips_s0146_00.wav,chips,,esc_chips_s0146_00,train
AcouDiet/ai/data/raw/public/chips/esc_chips_s0146_01.wav,chips,,esc_chips_s0146_01,train
AcouDiet/ai/data/raw/public/chips/esc_chips_s0147_00.wav,chips,,esc_chips_s0147_00,train
AcouDiet/ai/data/raw/public/chips/esc_chips_s0147_01.wav,chips,,esc_chips_s0147_01,train
AcouDiet/ai/data/raw/public/chips/esc_chips_s0149_00.wav,chips,,esc_chips_s0149_00,train
AcouDiet/ai/data/raw/public/chips/esc_chips_s0149_01.wav,chips,,esc_chips_s0149_01,train
AcouDiet/ai/data/raw/public/chips/esc_chips_s0150_00.wav,chips,,esc_chips_s0150_00,train
AcouDiet/ai/data/raw/public/chips/esc_chips_s0150_01.wav,chips,,esc_chips_s0150_01,train
AcouDiet/ai/data/raw/public/chips/esc_chips_s0151_00.wav,chips,,esc_chips_s0151_00,train
AcouDiet/ai/data/raw/public/chips/esc_chips_s0151_01.wav,chips,,esc_chips_s0151_01,train
AcouDiet/ai/data/raw/public/chips/esc_chips_s0152_00.wav,chips,,esc_chips_s0152_00,train
AcouDiet/ai/data/raw/public/chips/esc_chips_s0152_01.wav,chips,,esc_chips_s0152_01,train
AcouDiet/ai/data/raw/public/chips/esc_chips_s0153_00.wav,chips,,esc_chips_s0153_00,train
AcouDiet/ai/data/raw/public/chips/esc_chips_s0153_01.wav,chips,,esc_chips_s0153_01,train
AcouDiet/ai/data/raw/public/chips/esc_chips_s0154_00.wav,chips,,esc_chips_s0154_00,train
AcouDiet/ai/data/raw/public/chips/esc_chips_s0154_01.wav,chips,,esc_chips_s0154_01,train
AcouDiet/ai/data/raw/public/chips/esc_chips_s0155_00.wav,chips,,esc_chips_s0155_00,train
AcouDiet/ai/data/raw/public/chips/esc_chips_s0155_01.wav,chips,,esc_chips_s0155_01,train
AcouDiet/ai/data/raw/public/chips/esc_chips_s0156_00.wav,chips,,esc_chips_s0156_00,train
AcouDiet/ai/data/raw/public/chips/esc_chips_s0156_01.wav,chips,,esc_chips_s0156_01,train
AcouDiet/ai/data/raw/public/chips/esc_chips_s0157_00.wav,chips,,esc_chips_s0157_00,train
AcouDiet/ai/data/raw/public/chips/esc_chips_s0157_01.wav,chips,,esc_chips_s0157_01,train
AcouDiet/ai/data/raw/public/chips/esc_chips_s0158_00.wav,chips,,esc_chips_s0158_00,train
AcouDiet/ai/data/raw/public/chips/esc_chips_s0158_01.wav,chips,,esc_chips_s0158_01,train
AcouDiet/ai/data/raw/public/chips/esc_chips_s0159_00.wav,chips,,esc_chips_s0159_00,train
AcouDiet/ai/data/raw/public/chips/esc_chips_s0159_01.wav,chips,,esc_chips_s0159_01,train
AcouDiet/ai/data/raw/public/chips/esc_chips_s0161_00.wav,chips,,esc_chips_s0161_00,train
AcouDiet/ai/data/raw/public/chips/esc_chips_s0161_01.wav,chips,,esc_chips_s0161_01,train
AcouDiet/ai/data/raw/public/chips/esc_chips_s0162_00.wav,chips,,esc_chips_s0162_00,train
AcouDiet/ai/data/raw/public/chips/esc_chips_s0162_01.wav,chips,,esc_chips_s0162_01,train
AcouDiet/ai/data/raw/public/chips/esc_chips_s0163_00.wav,chips,,esc_chips_s0163_00,train
AcouDiet/ai/data/raw/public/chips/esc_chips_s0163_01.wav,chips,,esc_chips_s0163_01,train
AcouDiet/ai/data/raw/public/chips/esc_chips_s0167_00.wav,chips,,esc_chips_s0167_00,train
AcouDiet/ai/data/raw/public/chips/esc_chips_s0167_01.wav,chips,,esc_chips_s0167_01,train
AcouDiet/ai/data/raw/public/chips/esc_chips_s0170_00.wav,chips,,esc_chips_s0170_00,train
AcouDiet/ai/data/raw/public/chips/esc_chips_s0170_01.wav,chips,,esc_chips_s0170_01,train
AcouDiet/ai/data/raw/public/chips/esc_chips_s0171_00.wav,chips,,esc_chips_s0171_00,train
AcouDiet/ai/data/raw/public/chips/esc_chips_s0171_01.wav,chips,,esc_chips_s0171_01,train
AcouDiet/ai/data/raw/public/chips/esc_chips_s0172_00.wav,chips,,esc_chips_s0172_00,train
AcouDiet/ai/data/raw/public/chips/esc_chips_s0172_01.wav,chips,,esc_chips_s0172_01,train
AcouDiet/ai/data/raw/public/chips/esc_chips_s0173_00.wav,chips,,esc_chips_s0173_00,train
AcouDiet/ai/data/raw/public/chips/esc_chips_s0173_01.wav,chips,,esc_chips_s0173_01,train
AcouDiet/ai/data/raw/public/chips/esc_chips_s0174_00.wav,chips,,esc_chips_s0174_00,train
AcouDiet/ai/data/raw/public/chips/esc_chips_s0174_01.wav,chips,,esc_chips_s0174_01,train
AcouDiet/ai/data/raw/public/chips/esc_chips_s0177_00.wav,chips,,esc_chips_s0177_00,train
AcouDiet/ai/data/raw/public/chips/esc_chips_s0177_01.wav,chips,,esc_chips_s0177_01,train
AcouDiet/ai/data/raw/public/chips/esc_chips_s0178_00.wav,chips,,esc_chips_s0178_00,train
AcouDiet/ai/data/raw/public/chips/esc_chips_s0178_01.wav,chips,,esc_chips_s0178_01,train
AcouDiet/ai/data/raw/public/chips/esc_chips_s0180_00.wav,chips,,esc_chips_s0180_00,train
AcouDiet/ai/data/raw/public/chips/esc_chips_s0180_01.wav,chips,,esc_chips_s0180_01,train
AcouDiet/ai/data/raw/public/chips/esc_chips_s0181_00.wav,chips,,esc_chips_s0181_00,train
AcouDiet/ai/data/raw/public/chips/esc_chips_s0181_01.wav,chips,,esc_chips_s0181_01,train
AcouDiet/ai/data/raw/public/chips/esc_chips_s0182_00.wav,chips,,esc_chips_s0182_00,train
AcouDiet/ai/data/raw/public/chips/esc_chips_s0182_01.wav,chips,,esc_chips_s0182_01,train
AcouDiet/ai/data/raw/public/chips/esc_chips_s0183_00.wav,chips,,esc_chips_s0183_00,train
AcouDiet/ai/data/raw/public/chips/esc_chips_s0183_01.wav,chips,,esc_chips_s0183_01,train
AcouDiet/ai/data/raw/public/chips/esc_chips_s0184_00.wav,chips,,esc_chips_s0184_00,train
AcouDiet/ai/data/raw/public/chips/esc_chips_s0184_01.wav,chips,,esc_chips_s0184_01,train
AcouDiet/ai/data/raw/public/chips/esc_chips_s0186_00.wav,chips,,esc_chips_s0186_00,train
AcouDiet/ai/data/raw/public/chips/esc_chips_s0186_01.wav,chips,,esc_chips_s0186_01,train
AcouDiet/ai/data/raw/public/chips/esc_chips_s0190_00.wav,chips,,esc_chips_s0190_00,train
AcouDiet/ai/data/raw/public/chips/esc_chips_s0190_01.wav,chips,,esc_chips_s0190_01,train
AcouDiet/ai/data/raw/public/chips/esc_chips_s0192_00.wav,chips,,esc_chips_s0192_00,train
AcouDiet/ai/data/raw/public/chips/esc_chips_s0192_01.wav,chips,,esc_chips_s0192_01,train
AcouDiet/ai/data/raw/public/chips/esc_chips_s0193_00.wav,chips,,esc_chips_s0193_00,train
AcouDiet/ai/data/raw/public/chips/esc_chips_s0193_01.wav,chips,,esc_chips_s0193_01,train
AcouDiet/ai/data/raw/public/chips/esc_chips_s0194_00.wav,chips,,esc_chips_s0194_00,train
AcouDiet/ai/data/raw/public/chips/esc_chips_s0194_01.wav,chips,,esc_chips_s0194_01,train
AcouDiet/ai/data/raw/public/chips/esc_chips_s0195_00.wav,chips,,esc_chips_s0195_00,train
AcouDiet/ai/data/raw/public/chips/esc_chips_s0195_01.wav,chips,,esc_chips_s0195_01,train
AcouDiet/ai/data/raw/public/chips/esc_chips_s0196_00.wav,chips,,esc_chips_s0196_00,train
AcouDiet/ai/data/raw/public/chips/esc_chips_s0196_01.wav,chips,,esc_chips_s0196_01,train
AcouDiet/ai/data/raw/public/chips/esc_chips_s0197_00.wav,chips,,esc_chips_s0197_00,train
AcouDiet/ai/data/raw/public/chips/esc_chips_s0197_01.wav,chips,,esc_chips_s0197_01,train
AcouDiet/ai/data/raw/public/chips/esc_chips_s0199_00.wav,chips,,esc_chips_s0199_00,train
AcouDiet/ai/data/raw/public/chips/esc_chips_s0199_01.wav,chips,,esc_chips_s0199_01,train
AcouDiet/ai/data/raw/public/chips/esc_chips_s0201_00.wav,chips,,esc_chips_s0201_00,train
AcouDiet/ai/data/raw/public/chips/esc_chips_s0201_01.wav,chips,,esc_chips_s0201_01,train
AcouDiet/ai/data/raw/public/chips/esc_chips_s0202_00.wav,chips,,esc_chips_s0202_00,train
AcouDiet/ai/data/raw/public/chips/esc_chips_s0202_01.wav,chips,,esc_chips_s0202_01,train
AcouDiet/ai/data/raw/public/chips/esc_chips_s0203_00.wav,chips,,esc_chips_s0203_00,train
AcouDiet/ai/data/raw/public/chips/esc_chips_s0203_01.wav,chips,,esc_chips_s0203_01,train
AcouDiet/ai/data/raw/public/chips/esc_chips_s0204_00.wav,chips,,esc_chips_s0204_00,train
AcouDiet/ai/data/raw/public/chips/esc_chips_s0204_01.wav,chips,,esc_chips_s0204_01,train
AcouDiet/ai/data/raw/public/chips/esc_chips_s0205_00.wav,chips,,esc_chips_s0205_00,train
AcouDiet/ai/data/raw/public/chips/esc_chips_s0205_01.wav,chips,,esc_chips_s0205_01,train
AcouDiet/ai/data/raw/public/chips/esc_chips_s0207_00.wav,chips,,esc_chips_s0207_00,train
AcouDiet/ai/data/raw/public/chips/esc_chips_s0207_01.wav,chips,,esc_chips_s0207_01,train
AcouDiet/ai/data/raw/public/chips/esc_chips_s0209_00.wav,chips,,esc_chips_s0209_00,train
AcouDiet/ai/data/raw/public/chips/esc_chips_s0209_01.wav,chips,,esc_chips_s0209_01,train
AcouDiet/ai/data/raw/public/chips/esc_chips_s0211_00.wav,chips,,esc_chips_s0211_00,train
AcouDiet/ai/data/raw/public/chips/esc_chips_s0211_01.wav,chips,,esc_chips_s0211_01,train
AcouDiet/ai/data/raw/public/chips/esc_chips_s0213_00.wav,chips,,esc_chips_s0213_00,train
AcouDiet/ai/data/raw/public/chips/esc_chips_s0213_01.wav,chips,,esc_chips_s0213_01,train
AcouDiet/ai/data/raw/public/chips/esc_chips_s0214_00.wav,chips,,esc_chips_s0214_00,train
AcouDiet/ai/data/raw/public/chips/esc_chips_s0214_01.wav,chips,,esc_chips_s0214_01,train
AcouDiet/ai/data/raw/public/chips/esc_chips_s0215_00.wav,chips,,esc_chips_s0215_00,train
AcouDiet/ai/data/raw/public/chips/esc_chips_s0215_01.wav,chips,,esc_chips_s0215_01,train
AcouDiet/ai/data/raw/public/chips/esc_chips_s0217_00.wav,chips,,esc_chips_s0217_00,train
AcouDiet/ai/data/raw/public/chips/esc_chips_s0217_01.wav,chips,,esc_chips_s0217_01,train
AcouDiet/ai/data/raw/public/chips/esc_chips_s0219_00.wav,chips,,esc_chips_s0219_00,train
AcouDiet/ai/data/raw/public/chips/esc_chips_s0219_01.wav,chips,,esc_chips_s0219_01,train
AcouDiet/ai/data/raw/public/chips/esc_chips_s0222_00.wav,chips,,esc_chips_s0222_00,train
AcouDiet/ai/data/raw/public/chips/esc_chips_s0222_01.wav,chips,,esc_chips_s0222_01,train
AcouDiet/ai/data/raw/public/chips/esc_chips_s0223_00.wav,chips,,esc_chips_s0223_00,train
AcouDiet/ai/data/raw/public/chips/esc_chips_s0223_01.wav,chips,,esc_chips_s0223_01,train
AcouDiet/ai/data/raw/public/chips/esc_chips_s0224_00.wav,chips,,esc_chips_s0224_00,train
AcouDiet/ai/data/raw/public/chips/esc_chips_s0224_01.wav,chips,,esc_chips_s0224_01,train
AcouDiet/ai/data/raw/public/chips/esc_chips_s0225_00.wav,chips,,esc_chips_s0225_00,train
AcouDiet/ai/data/raw/public/chips/esc_chips_s0225_01.wav,chips,,esc_chips_s0225_01,train
AcouDiet/ai/data/raw/public/chips/esc_chips_s0226_00.wav,chips,,esc_chips_s0226_00,train
AcouDiet/ai/data/raw/public/chips/esc_chips_s0226_01.wav,chips,,esc_chips_s0226_01,train
AcouDiet/ai/data/raw/public/chips/esc_chips_s0227_00.wav,chips,,esc_chips_s0227_00,train
AcouDiet/ai/data/raw/public/chips/esc_chips_s0227_01.wav,chips,,esc_chips_s0227_01,train
AcouDiet/ai/data/raw/public/chips/esc_chips_s0229_00.wav,chips,,esc_chips_s0229_00,train
AcouDiet/ai/data/raw/public/chips/esc_chips_s0229_01.wav,chips,,esc_chips_s0229_01,train
AcouDiet/ai/data/raw/public/chips/esc_chips_s0230_00.wav,chips,,esc_chips_s0230_00,train
AcouDiet/ai/data/raw/public/chips/esc_chips_s0230_01.wav,chips,,esc_chips_s0230_01,train
AcouDiet/ai/data/raw/public/chips/esc_chips_s0231_00.wav,chips,,esc_chips_s0231_00,train
AcouDiet/ai/data/raw/public/chips/esc_chips_s0231_01.wav,chips,,esc_chips_s0231_01,train
AcouDiet/ai/data/raw/public/chips/esc_chips_s0232_00.wav,chips,,esc_chips_s0232_00,train
AcouDiet/ai/data/raw/public/chips/esc_chips_s0232_01.wav,chips,,esc_chips_s0232_01,train
AcouDiet/ai/data/raw/public/chips/esc_chips_s0235_00.wav,chips,,esc_chips_s0235_00,train
AcouDiet/ai/data/raw/public/chips/esc_chips_s0235_01.wav,chips,,esc_chips_s0235_01,train
AcouDiet/ai/data/raw/public/chips/esc_chips_s0236_00.wav,chips,,esc_chips_s0236_00,train
AcouDiet/ai/data/raw/public/chips/esc_chips_s0236_01.wav,chips,,esc_chips_s0236_01,train
AcouDiet/ai/data/raw/public/chips/esc_chips_s0237_00.wav,chips,,esc_chips_s0237_00,train
AcouDiet/ai/data/raw/public/chips/esc_chips_s0237_01.wav,chips,,esc_chips_s0237_01,train
AcouDiet/ai/data/raw/public/chips/esc_chips_s0240_00.wav,chips,,esc_chips_s0240_00,train
AcouDiet/ai/data/raw/public/chips/esc_chips_s0240_01.wav,chips,,esc_chips_s0240_01,train
AcouDiet/ai/data/raw/public/chips/esc_chips_s0242_00.wav,chips,,esc_chips_s0242_00,train
AcouDiet/ai/data/raw/public/chips/esc_chips_s0242_01.wav,chips,,esc_chips_s0242_01,train
AcouDiet/ai/data/raw/public/chips/esc_chips_s0243_00.wav,chips,,esc_chips_s0243_00,train
AcouDiet/ai/data/raw/public/chips/esc_chips_s0243_01.wav,chips,,esc_chips_s0243_01,train
AcouDiet/ai/data/raw/public/chips/esc_chips_s0246_00.wav,chips,,esc_chips_s0246_00,train
AcouDiet/ai/data/raw/public/chips/esc_chips_s0246_01.wav,chips,,esc_chips_s0246_01,train
AcouDiet/ai/data/raw/public/chips/esc_chips_s0248_00.wav,chips,,esc_chips_s0248_00,train
AcouDiet/ai/data/raw/public/chips/esc_chips_s0248_01.wav,chips,,esc_chips_s0248_01,train
AcouDiet/ai/data/raw/public/chips/esc_chips_s0249_00.wav,chips,,esc_chips_s0249_00,train
AcouDiet/ai/data/raw/public/chips/esc_chips_s0249_01.wav,chips,,esc_chips_s0249_01,train
AcouDiet/ai/data/raw/public/chips/esc_chips_s0250_00.wav,chips,,esc_chips_s0250_00,train
AcouDiet/ai/data/raw/public/chips/esc_chips_s0250_01.wav,chips,,esc_chips_s0250_01,train
AcouDiet/ai/data/raw/public/chips/esc_chips_s0251_00.wav,chips,,esc_chips_s0251_00,train
AcouDiet/ai/data/raw/public/chips/esc_chips_s0251_01.wav,chips,,esc_chips_s0251_01,train
AcouDiet/ai/data/raw/public/chips/esc_chips_s0252_00.wav,chips,,esc_chips_s0252_00,train
AcouDiet/ai/data/raw/public/chips/esc_chips_s0252_01.wav,chips,,esc_chips_s0252_01,train
AcouDiet/ai/data/raw/public/chips/esc_chips_s0253_00.wav,chips,,esc_chips_s0253_00,train
AcouDiet/ai/data/raw/public/chips/esc_chips_s0253_01.wav,chips,,esc_chips_s0253_01,train
AcouDiet/ai/data/raw/public/chips/esc_chips_s0254_00.wav,chips,,esc_chips_s0254_00,train
AcouDiet/ai/data/raw/public/chips/esc_chips_s0254_01.wav,chips,,esc_chips_s0254_01,train
AcouDiet/ai/data/raw/public/chips/esc_chips_s0255_00.wav,chips,,esc_chips_s0255_00,train
AcouDiet/ai/data/raw/public/chips/esc_chips_s0255_01.wav,chips,,esc_chips_s0255_01,train
AcouDiet/ai/data/raw/public/chips/esc_chips_s0257_00.wav,chips,,esc_chips_s0257_00,train
AcouDiet/ai/data/raw/public/chips/esc_chips_s0257_01.wav,chips,,esc_chips_s0257_01,train
AcouDiet/ai/data/raw/public/chips/esc_chips_s0258_00.wav,chips,,esc_chips_s0258_00,train
AcouDiet/ai/data/raw/public/chips/esc_chips_s0258_01.wav,chips,,esc_chips_s0258_01,train
AcouDiet/ai/data/raw/public/chips/esc_chips_s0259_00.wav,chips,,esc_chips_s0259_00,train
AcouDiet/ai/data/raw/public/chips/esc_chips_s0259_01.wav,chips,,esc_chips_s0259_01,train
AcouDiet/ai/data/raw/public/drink/esc_drink_s0000_00.wav,drink,,esc_drink_s0000_00,train
AcouDiet/ai/data/raw/public/drink/esc_drink_s0000_01.wav,drink,,esc_drink_s0000_01,train
AcouDiet/ai/data/raw/public/drink/esc_drink_s0001_00.wav,drink,,esc_drink_s0001_00,train
AcouDiet/ai/data/raw/public/drink/esc_drink_s0001_01.wav,drink,,esc_drink_s0001_01,train
AcouDiet/ai/data/raw/public/drink/esc_drink_s0002_00.wav,drink,,esc_drink_s0002_00,train
AcouDiet/ai/data/raw/public/drink/esc_drink_s0002_01.wav,drink,,esc_drink_s0002_01,train
AcouDiet/ai/data/raw/public/drink/esc_drink_s0003_00.wav,drink,,esc_drink_s0003_00,train
AcouDiet/ai/data/raw/public/drink/esc_drink_s0003_01.wav,drink,,esc_drink_s0003_01,train
AcouDiet/ai/data/raw/public/drink/esc_drink_s0005_00.wav,drink,,esc_drink_s0005_00,train
AcouDiet/ai/data/raw/public/drink/esc_drink_s0005_01.wav,drink,,esc_drink_s0005_01,train
AcouDiet/ai/data/raw/public/drink/esc_drink_s0006_00.wav,drink,,esc_drink_s0006_00,train
AcouDiet/ai/data/raw/public/drink/esc_drink_s0006_01.wav,drink,,esc_drink_s0006_01,train
AcouDiet/ai/data/raw/public/drink/esc_drink_s0007_00.wav,drink,,esc_drink_s0007_00,train
AcouDiet/ai/data/raw/public/drink/esc_drink_s0007_01.wav,drink,,esc_drink_s0007_01,train
AcouDiet/ai/data/raw/public/drink/esc_drink_s0010_00.wav,drink,,esc_drink_s0010_00,train
AcouDiet/ai/data/raw/public/drink/esc_drink_s0010_01.wav,drink,,esc_drink_s0010_01,train
AcouDiet/ai/data/raw/public/drink/esc_drink_s0011_00.wav,drink,,esc_drink_s0011_00,train
AcouDiet/ai/data/raw/public/drink/esc_drink_s0011_01.wav,drink,,esc_drink_s0011_01,train
AcouDiet/ai/data/raw/public/drink/esc_drink_s0012_00.wav,drink,,esc_drink_s0012_00,train
AcouDiet/ai/data/raw/public/drink/esc_drink_s0012_01.wav,drink,,esc_drink_s0012_01,train
AcouDiet/ai/data/raw/public/drink/esc_drink_s0013_00.wav,drink,,esc_drink_s0013_00,train
AcouDiet/ai/data/raw/public/drink/esc_drink_s0013_01.wav,drink,,esc_drink_s0013_01,train
AcouDiet/ai/data/raw/public/drink/esc_drink_s0014_00.wav,drink,,esc_drink_s0014_00,train
AcouDiet/ai/data/raw/public/drink/esc_drink_s0014_01.wav,drink,,esc_drink_s0014_01,train
AcouDiet/ai/data/raw/public/drink/esc_drink_s0017_00.wav,drink,,esc_drink_s0017_00,train
AcouDiet/ai/data/raw/public/drink/esc_drink_s0017_01.wav,drink,,esc_drink_s0017_01,train
AcouDiet/ai/data/raw/public/drink/esc_drink_s0018_00.wav,drink,,esc_drink_s0018_00,train
AcouDiet/ai/data/raw/public/drink/esc_drink_s0018_01.wav,drink,,esc_drink_s0018_01,train
AcouDiet/ai/data/raw/public/drink/esc_drink_s0020_00.wav,drink,,esc_drink_s0020_00,train
AcouDiet/ai/data/raw/public/drink/esc_drink_s0020_01.wav,drink,,esc_drink_s0020_01,train
AcouDiet/ai/data/raw/public/drink/esc_drink_s0022_00.wav,drink,,esc_drink_s0022_00,train
AcouDiet/ai/data/raw/public/drink/esc_drink_s0022_01.wav,drink,,esc_drink_s0022_01,train
AcouDiet/ai/data/raw/public/drink/esc_drink_s0023_00.wav,drink,,esc_drink_s0023_00,train
AcouDiet/ai/data/raw/public/drink/esc_drink_s0023_01.wav,drink,,esc_drink_s0023_01,train
AcouDiet/ai/data/raw/public/drink/esc_drink_s0024_00.wav,drink,,esc_drink_s0024_00,train
AcouDiet/ai/data/raw/public/drink/esc_drink_s0024_01.wav,drink,,esc_drink_s0024_01,train
AcouDiet/ai/data/raw/public/drink/esc_drink_s0025_00.wav,drink,,esc_drink_s0025_00,train
AcouDiet/ai/data/raw/public/drink/esc_drink_s0025_01.wav,drink,,esc_drink_s0025_01,train
AcouDiet/ai/data/raw/public/drink/esc_drink_s0026_00.wav,drink,,esc_drink_s0026_00,train
AcouDiet/ai/data/raw/public/drink/esc_drink_s0026_01.wav,drink,,esc_drink_s0026_01,train
AcouDiet/ai/data/raw/public/drink/esc_drink_s0027_00.wav,drink,,esc_drink_s0027_00,train
AcouDiet/ai/data/raw/public/drink/esc_drink_s0027_01.wav,drink,,esc_drink_s0027_01,train
AcouDiet/ai/data/raw/public/drink/esc_drink_s0029_00.wav,drink,,esc_drink_s0029_00,train
AcouDiet/ai/data/raw/public/drink/esc_drink_s0029_01.wav,drink,,esc_drink_s0029_01,train
AcouDiet/ai/data/raw/public/drink/esc_drink_s0030_00.wav,drink,,esc_drink_s0030_00,train
AcouDiet/ai/data/raw/public/drink/esc_drink_s0030_01.wav,drink,,esc_drink_s0030_01,train
AcouDiet/ai/data/raw/public/drink/esc_drink_s0032_00.wav,drink,,esc_drink_s0032_00,train
AcouDiet/ai/data/raw/public/drink/esc_drink_s0032_01.wav,drink,,esc_drink_s0032_01,train
AcouDiet/ai/data/raw/public/drink/esc_drink_s0033_00.wav,drink,,esc_drink_s0033_00,train
AcouDiet/ai/data/raw/public/drink/esc_drink_s0033_01.wav,drink,,esc_drink_s0033_01,train
AcouDiet/ai/data/raw/public/drink/esc_drink_s0036_00.wav,drink,,esc_drink_s0036_00,train
AcouDiet/ai/data/raw/public/drink/esc_drink_s0036_01.wav,drink,,esc_drink_s0036_01,train
AcouDiet/ai/data/raw/public/drink/esc_drink_s0037_00.wav,drink,,esc_drink_s0037_00,train
AcouDiet/ai/data/raw/public/drink/esc_drink_s0037_01.wav,drink,,esc_drink_s0037_01,train
AcouDiet/ai/data/raw/public/drink/esc_drink_s0038_00.wav,drink,,esc_drink_s0038_00,train
AcouDiet/ai/data/raw/public/drink/esc_drink_s0038_01.wav,drink,,esc_drink_s0038_01,train
AcouDiet/ai/data/raw/public/drink/esc_drink_s0042_00.wav,drink,,esc_drink_s0042_00,train
AcouDiet/ai/data/raw/public/drink/esc_drink_s0042_01.wav,drink,,esc_drink_s0042_01,train
AcouDiet/ai/data/raw/public/drink/esc_drink_s0044_00.wav,drink,,esc_drink_s0044_00,train
AcouDiet/ai/data/raw/public/drink/esc_drink_s0044_01.wav,drink,,esc_drink_s0044_01,train
AcouDiet/ai/data/raw/public/drink/esc_drink_s0045_00.wav,drink,,esc_drink_s0045_00,train
AcouDiet/ai/data/raw/public/drink/esc_drink_s0045_01.wav,drink,,esc_drink_s0045_01,train
AcouDiet/ai/data/raw/public/drink/esc_drink_s0048_00.wav,drink,,esc_drink_s0048_00,train
AcouDiet/ai/data/raw/public/drink/esc_drink_s0048_01.wav,drink,,esc_drink_s0048_01,train
AcouDiet/ai/data/raw/public/drink/esc_drink_s0050_00.wav,drink,,esc_drink_s0050_00,train
AcouDiet/ai/data/raw/public/drink/esc_drink_s0050_01.wav,drink,,esc_drink_s0050_01,train
AcouDiet/ai/data/raw/public/drink/esc_drink_s0051_00.wav,drink,,esc_drink_s0051_00,train
AcouDiet/ai/data/raw/public/drink/esc_drink_s0051_01.wav,drink,,esc_drink_s0051_01,train
AcouDiet/ai/data/raw/public/drink/esc_drink_s0054_00.wav,drink,,esc_drink_s0054_00,train
AcouDiet/ai/data/raw/public/drink/esc_drink_s0054_01.wav,drink,,esc_drink_s0054_01,train
AcouDiet/ai/data/raw/public/drink/esc_drink_s0056_00.wav,drink,,esc_drink_s0056_00,train
AcouDiet/ai/data/raw/public/drink/esc_drink_s0056_01.wav,drink,,esc_drink_s0056_01,train
AcouDiet/ai/data/raw/public/drink/esc_drink_s0057_00.wav,drink,,esc_drink_s0057_00,train
AcouDiet/ai/data/raw/public/drink/esc_drink_s0057_01.wav,drink,,esc_drink_s0057_01,train
AcouDiet/ai/data/raw/public/drink/esc_drink_s0058_00.wav,drink,,esc_drink_s0058_00,train
AcouDiet/ai/data/raw/public/drink/esc_drink_s0058_01.wav,drink,,esc_drink_s0058_01,train
AcouDiet/ai/data/raw/public/drink/esc_drink_s0060_00.wav,drink,,esc_drink_s0060_00,train
AcouDiet/ai/data/raw/public/drink/esc_drink_s0060_01.wav,drink,,esc_drink_s0060_01,train
AcouDiet/ai/data/raw/public/drink/esc_drink_s0061_00.wav,drink,,esc_drink_s0061_00,train
AcouDiet/ai/data/raw/public/drink/esc_drink_s0061_01.wav,drink,,esc_drink_s0061_01,train
AcouDiet/ai/data/raw/public/drink/esc_drink_s0063_00.wav,drink,,esc_drink_s0063_00,train
AcouDiet/ai/data/raw/public/drink/esc_drink_s0063_01.wav,drink,,esc_drink_s0063_01,train
AcouDiet/ai/data/raw/public/drink/esc_drink_s0064_00.wav,drink,,esc_drink_s0064_00,train
AcouDiet/ai/data/raw/public/drink/esc_drink_s0064_01.wav,drink,,esc_drink_s0064_01,train
AcouDiet/ai/data/raw/public/drink/esc_drink_s0065_00.wav,drink,,esc_drink_s0065_00,train
AcouDiet/ai/data/raw/public/drink/esc_drink_s0065_01.wav,drink,,esc_drink_s0065_01,train
AcouDiet/ai/data/raw/public/drink/esc_drink_s0066_00.wav,drink,,esc_drink_s0066_00,train
AcouDiet/ai/data/raw/public/drink/esc_drink_s0066_01.wav,drink,,esc_drink_s0066_01,train
AcouDiet/ai/data/raw/public/drink/esc_drink_s0067_00.wav,drink,,esc_drink_s0067_00,train
AcouDiet/ai/data/raw/public/drink/esc_drink_s0067_01.wav,drink,,esc_drink_s0067_01,train
AcouDiet/ai/data/raw/public/drink/esc_drink_s0068_00.wav,drink,,esc_drink_s0068_00,train
AcouDiet/ai/data/raw/public/drink/esc_drink_s0068_01.wav,drink,,esc_drink_s0068_01,train
AcouDiet/ai/data/raw/public/drink/esc_drink_s0069_00.wav,drink,,esc_drink_s0069_00,train
AcouDiet/ai/data/raw/public/drink/esc_drink_s0069_01.wav,drink,,esc_drink_s0069_01,train
AcouDiet/ai/data/raw/public/drink/esc_drink_s0070_00.wav,drink,,esc_drink_s0070_00,train
AcouDiet/ai/data/raw/public/drink/esc_drink_s0070_01.wav,drink,,esc_drink_s0070_01,train
AcouDiet/ai/data/raw/public/drink/esc_drink_s0071_00.wav,drink,,esc_drink_s0071_00,train
AcouDiet/ai/data/raw/public/drink/esc_drink_s0071_01.wav,drink,,esc_drink_s0071_01,train
AcouDiet/ai/data/raw/public/drink/esc_drink_s0072_00.wav,drink,,esc_drink_s0072_00,train
AcouDiet/ai/data/raw/public/drink/esc_drink_s0072_01.wav,drink,,esc_drink_s0072_01,train
AcouDiet/ai/data/raw/public/drink/esc_drink_s0073_00.wav,drink,,esc_drink_s0073_00,train
AcouDiet/ai/data/raw/public/drink/esc_drink_s0073_01.wav,drink,,esc_drink_s0073_01,train
AcouDiet/ai/data/raw/public/drink/esc_drink_s0074_00.wav,drink,,esc_drink_s0074_00,train
AcouDiet/ai/data/raw/public/drink/esc_drink_s0074_01.wav,drink,,esc_drink_s0074_01,train
AcouDiet/ai/data/raw/public/drink/esc_drink_s0077_00.wav,drink,,esc_drink_s0077_00,train
AcouDiet/ai/data/raw/public/drink/esc_drink_s0077_01.wav,drink,,esc_drink_s0077_01,train
AcouDiet/ai/data/raw/public/drink/esc_drink_s0078_00.wav,drink,,esc_drink_s0078_00,train
AcouDiet/ai/data/raw/public/drink/esc_drink_s0078_01.wav,drink,,esc_drink_s0078_01,train
AcouDiet/ai/data/raw/public/drink/esc_drink_s0079_00.wav,drink,,esc_drink_s0079_00,train
AcouDiet/ai/data/raw/public/drink/esc_drink_s0079_01.wav,drink,,esc_drink_s0079_01,train
AcouDiet/ai/data/raw/public/drink/esc_drink_s0080_00.wav,drink,,esc_drink_s0080_00,train
AcouDiet/ai/data/raw/public/drink/esc_drink_s0080_01.wav,drink,,esc_drink_s0080_01,train
AcouDiet/ai/data/raw/public/drink/esc_drink_s0081_00.wav,drink,,esc_drink_s0081_00,train
AcouDiet/ai/data/raw/public/drink/esc_drink_s0081_01.wav,drink,,esc_drink_s0081_01,train
AcouDiet/ai/data/raw/public/drink/esc_drink_s0083_00.wav,drink,,esc_drink_s0083_00,train
AcouDiet/ai/data/raw/public/drink/esc_drink_s0083_01.wav,drink,,esc_drink_s0083_01,train
AcouDiet/ai/data/raw/public/drink/esc_drink_s0084_00.wav,drink,,esc_drink_s0084_00,train
AcouDiet/ai/data/raw/public/drink/esc_drink_s0084_01.wav,drink,,esc_drink_s0084_01,train
AcouDiet/ai/data/raw/public/drink/esc_drink_s0086_00.wav,drink,,esc_drink_s0086_00,train
AcouDiet/ai/data/raw/public/drink/esc_drink_s0086_01.wav,drink,,esc_drink_s0086_01,train
AcouDiet/ai/data/raw/public/drink/esc_drink_s0087_00.wav,drink,,esc_drink_s0087_00,train
AcouDiet/ai/data/raw/public/drink/esc_drink_s0087_01.wav,drink,,esc_drink_s0087_01,train
AcouDiet/ai/data/raw/public/drink/esc_drink_s0088_00.wav,drink,,esc_drink_s0088_00,train
AcouDiet/ai/data/raw/public/drink/esc_drink_s0088_01.wav,drink,,esc_drink_s0088_01,train
AcouDiet/ai/data/raw/public/drink/esc_drink_s0089_00.wav,drink,,esc_drink_s0089_00,train
AcouDiet/ai/data/raw/public/drink/esc_drink_s0089_01.wav,drink,,esc_drink_s0089_01,train
AcouDiet/ai/data/raw/public/drink/esc_drink_s0090_00.wav,drink,,esc_drink_s0090_00,train
AcouDiet/ai/data/raw/public/drink/esc_drink_s0090_01.wav,drink,,esc_drink_s0090_01,train
AcouDiet/ai/data/raw/public/drink/esc_drink_s0091_00.wav,drink,,esc_drink_s0091_00,train
AcouDiet/ai/data/raw/public/drink/esc_drink_s0091_01.wav,drink,,esc_drink_s0091_01,train
AcouDiet/ai/data/raw/public/drink/esc_drink_s0092_00.wav,drink,,esc_drink_s0092_00,train
AcouDiet/ai/data/raw/public/drink/esc_drink_s0092_01.wav,drink,,esc_drink_s0092_01,train
AcouDiet/ai/data/raw/public/drink/esc_drink_s0093_00.wav,drink,,esc_drink_s0093_00,train
AcouDiet/ai/data/raw/public/drink/esc_drink_s0093_01.wav,drink,,esc_drink_s0093_01,train
AcouDiet/ai/data/raw/public/drink/esc_drink_s0094_00.wav,drink,,esc_drink_s0094_00,train
AcouDiet/ai/data/raw/public/drink/esc_drink_s0094_01.wav,drink,,esc_drink_s0094_01,train
AcouDiet/ai/data/raw/public/drink/esc_drink_s0097_00.wav,drink,,esc_drink_s0097_00,train
AcouDiet/ai/data/raw/public/drink/esc_drink_s0097_01.wav,drink,,esc_drink_s0097_01,train
AcouDiet/ai/data/raw/public/drink/esc_drink_s0099_00.wav,drink,,esc_drink_s0099_00,train
AcouDiet/ai/data/raw/public/drink/esc_drink_s0099_01.wav,drink,,esc_drink_s0099_01,train
AcouDiet/ai/data/raw/public/drink/esc_drink_s0100_00.wav,drink,,esc_drink_s0100_00,train
AcouDiet/ai/data/raw/public/drink/esc_drink_s0100_01.wav,drink,,esc_drink_s0100_01,train
AcouDiet/ai/data/raw/public/drink/esc_drink_s0101_00.wav,drink,,esc_drink_s0101_00,train
AcouDiet/ai/data/raw/public/drink/esc_drink_s0101_01.wav,drink,,esc_drink_s0101_01,train
AcouDiet/ai/data/raw/public/drink/esc_drink_s0102_00.wav,drink,,esc_drink_s0102_00,train
AcouDiet/ai/data/raw/public/drink/esc_drink_s0102_01.wav,drink,,esc_drink_s0102_01,train
AcouDiet/ai/data/raw/public/drink/esc_drink_s0103_00.wav,drink,,esc_drink_s0103_00,train
AcouDiet/ai/data/raw/public/drink/esc_drink_s0103_01.wav,drink,,esc_drink_s0103_01,train
AcouDiet/ai/data/raw/public/drink/esc_drink_s0104_00.wav,drink,,esc_drink_s0104_00,train
AcouDiet/ai/data/raw/public/drink/esc_drink_s0104_01.wav,drink,,esc_drink_s0104_01,train
AcouDiet/ai/data/raw/public/drink/esc_drink_s0105_00.wav,drink,,esc_drink_s0105_00,train
AcouDiet/ai/data/raw/public/drink/esc_drink_s0105_01.wav,drink,,esc_drink_s0105_01,train
AcouDiet/ai/data/raw/public/drink/esc_drink_s0106_00.wav,drink,,esc_drink_s0106_00,train
AcouDiet/ai/data/raw/public/drink/esc_drink_s0106_01.wav,drink,,esc_drink_s0106_01,train
AcouDiet/ai/data/raw/public/drink/esc_drink_s0109_00.wav,drink,,esc_drink_s0109_00,train
AcouDiet/ai/data/raw/public/drink/esc_drink_s0109_01.wav,drink,,esc_drink_s0109_01,train
AcouDiet/ai/data/raw/public/drink/esc_drink_s0110_00.wav,drink,,esc_drink_s0110_00,train
AcouDiet/ai/data/raw/public/drink/esc_drink_s0110_01.wav,drink,,esc_drink_s0110_01,train
AcouDiet/ai/data/raw/public/drink/esc_drink_s0111_00.wav,drink,,esc_drink_s0111_00,train
AcouDiet/ai/data/raw/public/drink/esc_drink_s0111_01.wav,drink,,esc_drink_s0111_01,train
AcouDiet/ai/data/raw/public/drink/esc_drink_s0112_00.wav,drink,,esc_drink_s0112_00,train
AcouDiet/ai/data/raw/public/drink/esc_drink_s0112_01.wav,drink,,esc_drink_s0112_01,train
AcouDiet/ai/data/raw/public/drink/esc_drink_s0115_00.wav,drink,,esc_drink_s0115_00,train
AcouDiet/ai/data/raw/public/drink/esc_drink_s0115_01.wav,drink,,esc_drink_s0115_01,train
AcouDiet/ai/data/raw/public/drink/esc_drink_s0116_00.wav,drink,,esc_drink_s0116_00,train
AcouDiet/ai/data/raw/public/drink/esc_drink_s0116_01.wav,drink,,esc_drink_s0116_01,train
AcouDiet/ai/data/raw/public/drink/esc_drink_s0117_00.wav,drink,,esc_drink_s0117_00,train
AcouDiet/ai/data/raw/public/drink/esc_drink_s0117_01.wav,drink,,esc_drink_s0117_01,train
AcouDiet/ai/data/raw/public/drink/esc_drink_s0118_00.wav,drink,,esc_drink_s0118_00,train
AcouDiet/ai/data/raw/public/drink/esc_drink_s0118_01.wav,drink,,esc_drink_s0118_01,train
AcouDiet/ai/data/raw/public/drink/esc_drink_s0119_00.wav,drink,,esc_drink_s0119_00,train
AcouDiet/ai/data/raw/public/drink/esc_drink_s0119_01.wav,drink,,esc_drink_s0119_01,train
AcouDiet/ai/data/raw/public/drink/esc_drink_s0120_00.wav,drink,,esc_drink_s0120_00,train
AcouDiet/ai/data/raw/public/drink/esc_drink_s0120_01.wav,drink,,esc_drink_s0120_01,train
AcouDiet/ai/data/raw/public/drink/esc_drink_s0122_00.wav,drink,,esc_drink_s0122_00,train
AcouDiet/ai/data/raw/public/drink/esc_drink_s0122_01.wav,drink,,esc_drink_s0122_01,train
AcouDiet/ai/data/raw/public/drink/esc_drink_s0123_00.wav,drink,,esc_drink_s0123_00,train
AcouDiet/ai/data/raw/public/drink/esc_drink_s0123_01.wav,drink,,esc_drink_s0123_01,train
AcouDiet/ai/data/raw/public/drink/esc_drink_s0124_00.wav,drink,,esc_drink_s0124_00,train
AcouDiet/ai/data/raw/public/drink/esc_drink_s0124_01.wav,drink,,esc_drink_s0124_01,train
AcouDiet/ai/data/raw/public/drink/esc_drink_s0125_00.wav,drink,,esc_drink_s0125_00,train
AcouDiet/ai/data/raw/public/drink/esc_drink_s0125_01.wav,drink,,esc_drink_s0125_01,train
AcouDiet/ai/data/raw/public/drink/esc_drink_s0127_00.wav,drink,,esc_drink_s0127_00,train
AcouDiet/ai/data/raw/public/drink/esc_drink_s0127_01.wav,drink,,esc_drink_s0127_01,train
AcouDiet/ai/data/raw/public/drink/esc_drink_s0129_00.wav,drink,,esc_drink_s0129_00,train
AcouDiet/ai/data/raw/public/drink/esc_drink_s0129_01.wav,drink,,esc_drink_s0129_01,train
AcouDiet/ai/data/raw/public/drink/esc_drink_s0130_00.wav,drink,,esc_drink_s0130_00,train
AcouDiet/ai/data/raw/public/drink/esc_drink_s0130_01.wav,drink,,esc_drink_s0130_01,train
AcouDiet/ai/data/raw/public/drink/esc_drink_s0132_00.wav,drink,,esc_drink_s0132_00,train
AcouDiet/ai/data/raw/public/drink/esc_drink_s0132_01.wav,drink,,esc_drink_s0132_01,train
AcouDiet/ai/data/raw/public/drink/esc_drink_s0134_00.wav,drink,,esc_drink_s0134_00,train
AcouDiet/ai/data/raw/public/drink/esc_drink_s0134_01.wav,drink,,esc_drink_s0134_01,train
AcouDiet/ai/data/raw/public/drink/esc_drink_s0136_00.wav,drink,,esc_drink_s0136_00,train
AcouDiet/ai/data/raw/public/drink/esc_drink_s0136_01.wav,drink,,esc_drink_s0136_01,train
AcouDiet/ai/data/raw/public/drink/esc_drink_s0137_00.wav,drink,,esc_drink_s0137_00,train
AcouDiet/ai/data/raw/public/drink/esc_drink_s0137_01.wav,drink,,esc_drink_s0137_01,train
AcouDiet/ai/data/raw/public/drink/esc_drink_s0140_00.wav,drink,,esc_drink_s0140_00,train
AcouDiet/ai/data/raw/public/drink/esc_drink_s0140_01.wav,drink,,esc_drink_s0140_01,train
AcouDiet/ai/data/raw/public/drink/esc_drink_s0142_00.wav,drink,,esc_drink_s0142_00,train
AcouDiet/ai/data/raw/public/drink/esc_drink_s0142_01.wav,drink,,esc_drink_s0142_01,train
AcouDiet/ai/data/raw/public/drink/esc_drink_s0143_00.wav,drink,,esc_drink_s0143_00,train
AcouDiet/ai/data/raw/public/drink/esc_drink_s0143_01.wav,drink,,esc_drink_s0143_01,train
AcouDiet/ai/data/raw/public/drink/esc_drink_s0144_00.wav,drink,,esc_drink_s0144_00,train
AcouDiet/ai/data/raw/public/drink/esc_drink_s0144_01.wav,drink,,esc_drink_s0144_01,train
AcouDiet/ai/data/raw/public/drink/esc_drink_s0147_00.wav,drink,,esc_drink_s0147_00,train
AcouDiet/ai/data/raw/public/drink/esc_drink_s0147_01.wav,drink,,esc_drink_s0147_01,train
AcouDiet/ai/data/raw/public/drink/esc_drink_s0148_00.wav,drink,,esc_drink_s0148_00,train
AcouDiet/ai/data/raw/public/drink/esc_drink_s0148_01.wav,drink,,esc_drink_s0148_01,train
AcouDiet/ai/data/raw/public/drink/esc_drink_s0149_00.wav,drink,,esc_drink_s0149_00,train
AcouDiet/ai/data/raw/public/drink/esc_drink_s0149_01.wav,drink,,esc_drink_s0149_01,train
AcouDiet/ai/data/raw/public/drink/esc_drink_s0151_00.wav,drink,,esc_drink_s0151_00,train
AcouDiet/ai/data/raw/public/drink/esc_drink_s0151_01.wav,drink,,esc_drink_s0151_01,train
AcouDiet/ai/data/raw/public/drink/esc_drink_s0152_00.wav,drink,,esc_drink_s0152_00,train
AcouDiet/ai/data/raw/public/drink/esc_drink_s0152_01.wav,drink,,esc_drink_s0152_01,train
AcouDiet/ai/data/raw/public/drink/esc_drink_s0153_00.wav,drink,,esc_drink_s0153_00,train
AcouDiet/ai/data/raw/public/drink/esc_drink_s0153_01.wav,drink,,esc_drink_s0153_01,train
AcouDiet/ai/data/raw/public/drink/esc_drink_s0154_00.wav,drink,,esc_drink_s0154_00,train
AcouDiet/ai/data/raw/public/drink/esc_drink_s0154_01.wav,drink,,esc_drink_s0154_01,train
AcouDiet/ai/data/raw/public/drink/esc_drink_s0156_00.wav,drink,,esc_drink_s0156_00,train
AcouDiet/ai/data/raw/public/drink/esc_drink_s0156_01.wav,drink,,esc_drink_s0156_01,train
AcouDiet/ai/data/raw/public/drink/esc_drink_s0157_00.wav,drink,,esc_drink_s0157_00,train
AcouDiet/ai/data/raw/public/drink/esc_drink_s0157_01.wav,drink,,esc_drink_s0157_01,train
AcouDiet/ai/data/raw/public/drink/esc_drink_s0158_00.wav,drink,,esc_drink_s0158_00,train
AcouDiet/ai/data/raw/public/drink/esc_drink_s0158_01.wav,drink,,esc_drink_s0158_01,train
AcouDiet/ai/data/raw/public/drink/esc_drink_s0160_00.wav,drink,,esc_drink_s0160_00,train
AcouDiet/ai/data/raw/public/drink/esc_drink_s0160_01.wav,drink,,esc_drink_s0160_01,train
AcouDiet/ai/data/raw/public/drink/esc_drink_s0161_00.wav,drink,,esc_drink_s0161_00,train
AcouDiet/ai/data/raw/public/drink/esc_drink_s0161_01.wav,drink,,esc_drink_s0161_01,train
AcouDiet/ai/data/raw/public/drink/esc_drink_s0162_00.wav,drink,,esc_drink_s0162_00,train
AcouDiet/ai/data/raw/public/drink/esc_drink_s0162_01.wav,drink,,esc_drink_s0162_01,train
AcouDiet/ai/data/raw/public/drink/esc_drink_s0163_00.wav,drink,,esc_drink_s0163_00,train
AcouDiet/ai/data/raw/public/drink/esc_drink_s0163_01.wav,drink,,esc_drink_s0163_01,train
AcouDiet/ai/data/raw/public/drink/esc_drink_s0164_00.wav,drink,,esc_drink_s0164_00,train
AcouDiet/ai/data/raw/public/drink/esc_drink_s0164_01.wav,drink,,esc_drink_s0164_01,train
AcouDiet/ai/data/raw/public/drink/esc_drink_s0165_00.wav,drink,,esc_drink_s0165_00,train
AcouDiet/ai/data/raw/public/drink/esc_drink_s0165_01.wav,drink,,esc_drink_s0165_01,train
AcouDiet/ai/data/raw/public/drink/esc_drink_s0168_00.wav,drink,,esc_drink_s0168_00,train
AcouDiet/ai/data/raw/public/drink/esc_drink_s0168_01.wav,drink,,esc_drink_s0168_01,train
AcouDiet/ai/data/raw/public/drink/esc_drink_s0170_00.wav,drink,,esc_drink_s0170_00,train
AcouDiet/ai/data/raw/public/drink/esc_drink_s0170_01.wav,drink,,esc_drink_s0170_01,train
AcouDiet/ai/data/raw/public/drink/esc_drink_s0172_00.wav,drink,,esc_drink_s0172_00,train
AcouDiet/ai/data/raw/public/drink/esc_drink_s0172_01.wav,drink,,esc_drink_s0172_01,train
AcouDiet/ai/data/raw/public/drink/esc_drink_s0173_00.wav,drink,,esc_drink_s0173_00,train
AcouDiet/ai/data/raw/public/drink/esc_drink_s0173_01.wav,drink,,esc_drink_s0173_01,train
AcouDiet/ai/data/raw/public/drink/esc_drink_s0175_00.wav,drink,,esc_drink_s0175_00,train
AcouDiet/ai/data/raw/public/drink/esc_drink_s0175_01.wav,drink,,esc_drink_s0175_01,train
AcouDiet/ai/data/raw/public/drink/esc_drink_s0176_00.wav,drink,,esc_drink_s0176_00,train
AcouDiet/ai/data/raw/public/drink/esc_drink_s0176_01.wav,drink,,esc_drink_s0176_01,train
AcouDiet/ai/data/raw/public/drink/esc_drink_s0178_00.wav,drink,,esc_drink_s0178_00,train
AcouDiet/ai/data/raw/public/drink/esc_drink_s0178_01.wav,drink,,esc_drink_s0178_01,train
AcouDiet/ai/data/raw/public/drink/esc_drink_s0179_00.wav,drink,,esc_drink_s0179_00,train
AcouDiet/ai/data/raw/public/drink/esc_drink_s0179_01.wav,drink,,esc_drink_s0179_01,train
AcouDiet/ai/data/raw/public/drink/esc_drink_s0180_00.wav,drink,,esc_drink_s0180_00,train
AcouDiet/ai/data/raw/public/drink/esc_drink_s0180_01.wav,drink,,esc_drink_s0180_01,train
AcouDiet/ai/data/raw/public/drink/esc_drink_s0181_00.wav,drink,,esc_drink_s0181_00,train
AcouDiet/ai/data/raw/public/drink/esc_drink_s0181_01.wav,drink,,esc_drink_s0181_01,train
AcouDiet/ai/data/raw/public/drink/esc_drink_s0182_00.wav,drink,,esc_drink_s0182_00,train
AcouDiet/ai/data/raw/public/drink/esc_drink_s0182_01.wav,drink,,esc_drink_s0182_01,train
AcouDiet/ai/data/raw/public/drink/esc_drink_s0186_00.wav,drink,,esc_drink_s0186_00,train
AcouDiet/ai/data/raw/public/drink/esc_drink_s0186_01.wav,drink,,esc_drink_s0186_01,train
AcouDiet/ai/data/raw/public/drink/esc_drink_s0188_00.wav,drink,,esc_drink_s0188_00,train
AcouDiet/ai/data/raw/public/drink/esc_drink_s0188_01.wav,drink,,esc_drink_s0188_01,train
AcouDiet/ai/data/raw/public/drink/esc_drink_s0189_00.wav,drink,,esc_drink_s0189_00,train
AcouDiet/ai/data/raw/public/drink/esc_drink_s0189_01.wav,drink,,esc_drink_s0189_01,train
AcouDiet/ai/data/raw/public/drink/esc_drink_s0190_00.wav,drink,,esc_drink_s0190_00,train
AcouDiet/ai/data/raw/public/drink/esc_drink_s0190_01.wav,drink,,esc_drink_s0190_01,train
AcouDiet/ai/data/raw/public/drink/esc_drink_s0193_00.wav,drink,,esc_drink_s0193_00,train
AcouDiet/ai/data/raw/public/drink/esc_drink_s0193_01.wav,drink,,esc_drink_s0193_01,train
AcouDiet/ai/data/raw/public/drink/esc_drink_s0194_00.wav,drink,,esc_drink_s0194_00,train
AcouDiet/ai/data/raw/public/drink/esc_drink_s0194_01.wav,drink,,esc_drink_s0194_01,train
AcouDiet/ai/data/raw/public/drink/esc_drink_s0196_00.wav,drink,,esc_drink_s0196_00,train
AcouDiet/ai/data/raw/public/drink/esc_drink_s0196_01.wav,drink,,esc_drink_s0196_01,train
AcouDiet/ai/data/raw/public/drink/esc_drink_s0197_00.wav,drink,,esc_drink_s0197_00,train
AcouDiet/ai/data/raw/public/drink/esc_drink_s0197_01.wav,drink,,esc_drink_s0197_01,train
AcouDiet/ai/data/raw/public/drink/esc_drink_s0198_00.wav,drink,,esc_drink_s0198_00,train
AcouDiet/ai/data/raw/public/drink/esc_drink_s0198_01.wav,drink,,esc_drink_s0198_01,train
AcouDiet/ai/data/raw/public/drink/esc_drink_s0199_00.wav,drink,,esc_drink_s0199_00,train
AcouDiet/ai/data/raw/public/drink/esc_drink_s0199_01.wav,drink,,esc_drink_s0199_01,train
AcouDiet/ai/data/raw/public/drink/esc_drink_s0200_00.wav,drink,,esc_drink_s0200_00,train
AcouDiet/ai/data/raw/public/drink/esc_drink_s0200_01.wav,drink,,esc_drink_s0200_01,train
AcouDiet/ai/data/raw/public/drink/esc_drink_s0201_00.wav,drink,,esc_drink_s0201_00,train
AcouDiet/ai/data/raw/public/drink/esc_drink_s0201_01.wav,drink,,esc_drink_s0201_01,train
AcouDiet/ai/data/raw/public/drink/esc_drink_s0202_00.wav,drink,,esc_drink_s0202_00,train
AcouDiet/ai/data/raw/public/drink/esc_drink_s0202_01.wav,drink,,esc_drink_s0202_01,train
AcouDiet/ai/data/raw/public/drink/esc_drink_s0203_00.wav,drink,,esc_drink_s0203_00,train
AcouDiet/ai/data/raw/public/drink/esc_drink_s0203_01.wav,drink,,esc_drink_s0203_01,train
AcouDiet/ai/data/raw/public/drink/esc_drink_s0204_00.wav,drink,,esc_drink_s0204_00,train
AcouDiet/ai/data/raw/public/drink/esc_drink_s0204_01.wav,drink,,esc_drink_s0204_01,train
AcouDiet/ai/data/raw/public/drink/esc_drink_s0205_00.wav,drink,,esc_drink_s0205_00,train
AcouDiet/ai/data/raw/public/drink/esc_drink_s0205_01.wav,drink,,esc_drink_s0205_01,train
AcouDiet/ai/data/raw/public/drink/esc_drink_s0206_00.wav,drink,,esc_drink_s0206_00,train
AcouDiet/ai/data/raw/public/drink/esc_drink_s0206_01.wav,drink,,esc_drink_s0206_01,train
AcouDiet/ai/data/raw/public/drink/esc_drink_s0207_00.wav,drink,,esc_drink_s0207_00,train
AcouDiet/ai/data/raw/public/drink/esc_drink_s0207_01.wav,drink,,esc_drink_s0207_01,train
AcouDiet/ai/data/raw/public/drink/esc_drink_s0208_00.wav,drink,,esc_drink_s0208_00,train
AcouDiet/ai/data/raw/public/drink/esc_drink_s0208_01.wav,drink,,esc_drink_s0208_01,train
AcouDiet/ai/data/raw/public/drink/esc_drink_s0209_00.wav,drink,,esc_drink_s0209_00,train
AcouDiet/ai/data/raw/public/drink/esc_drink_s0209_01.wav,drink,,esc_drink_s0209_01,train
AcouDiet/ai/data/raw/public/drink/esc_drink_s0211_00.wav,drink,,esc_drink_s0211_00,train
AcouDiet/ai/data/raw/public/drink/esc_drink_s0211_01.wav,drink,,esc_drink_s0211_01,train
AcouDiet/ai/data/raw/public/drink/esc_drink_s0212_00.wav,drink,,esc_drink_s0212_00,train
AcouDiet/ai/data/raw/public/drink/esc_drink_s0212_01.wav,drink,,esc_drink_s0212_01,train
AcouDiet/ai/data/raw/public/drink/esc_drink_s0213_00.wav,drink,,esc_drink_s0213_00,train
AcouDiet/ai/data/raw/public/drink/esc_drink_s0213_01.wav,drink,,esc_drink_s0213_01,train
AcouDiet/ai/data/raw/public/drink/esc_drink_s0214_00.wav,drink,,esc_drink_s0214_00,train
AcouDiet/ai/data/raw/public/drink/esc_drink_s0214_01.wav,drink,,esc_drink_s0214_01,train
AcouDiet/ai/data/raw/public/drink/esc_drink_s0215_00.wav,drink,,esc_drink_s0215_00,train
AcouDiet/ai/data/raw/public/drink/esc_drink_s0215_01.wav,drink,,esc_drink_s0215_01,train
AcouDiet/ai/data/raw/public/drink/esc_drink_s0216_00.wav,drink,,esc_drink_s0216_00,train
AcouDiet/ai/data/raw/public/drink/esc_drink_s0216_01.wav,drink,,esc_drink_s0216_01,train
AcouDiet/ai/data/raw/public/drink/esc_drink_s0218_00.wav,drink,,esc_drink_s0218_00,train
AcouDiet/ai/data/raw/public/drink/esc_drink_s0218_01.wav,drink,,esc_drink_s0218_01,train
AcouDiet/ai/data/raw/public/drink/esc_drink_s0219_00.wav,drink,,esc_drink_s0219_00,train
AcouDiet/ai/data/raw/public/drink/esc_drink_s0219_01.wav,drink,,esc_drink_s0219_01,train
AcouDiet/ai/data/raw/public/drink/esc_drink_s0220_00.wav,drink,,esc_drink_s0220_00,train
AcouDiet/ai/data/raw/public/drink/esc_drink_s0220_01.wav,drink,,esc_drink_s0220_01,train
AcouDiet/ai/data/raw/public/drink/esc_drink_s0221_00.wav,drink,,esc_drink_s0221_00,train
AcouDiet/ai/data/raw/public/drink/esc_drink_s0221_01.wav,drink,,esc_drink_s0221_01,train
AcouDiet/ai/data/raw/public/drink/esc_drink_s0223_00.wav,drink,,esc_drink_s0223_00,train
AcouDiet/ai/data/raw/public/drink/esc_drink_s0223_01.wav,drink,,esc_drink_s0223_01,train
AcouDiet/ai/data/raw/public/drink/esc_drink_s0224_00.wav,drink,,esc_drink_s0224_00,train
AcouDiet/ai/data/raw/public/drink/esc_drink_s0224_01.wav,drink,,esc_drink_s0224_01,train
AcouDiet/ai/data/raw/public/drink/esc_drink_s0225_00.wav,drink,,esc_drink_s0225_00,train
AcouDiet/ai/data/raw/public/drink/esc_drink_s0225_01.wav,drink,,esc_drink_s0225_01,train
AcouDiet/ai/data/raw/public/drink/esc_drink_s0226_00.wav,drink,,esc_drink_s0226_00,train
AcouDiet/ai/data/raw/public/drink/esc_drink_s0226_01.wav,drink,,esc_drink_s0226_01,train
AcouDiet/ai/data/raw/public/drink/esc_drink_s0227_00.wav,drink,,esc_drink_s0227_00,train
AcouDiet/ai/data/raw/public/drink/esc_drink_s0227_01.wav,drink,,esc_drink_s0227_01,train
AcouDiet/ai/data/raw/public/drink/esc_drink_s0228_00.wav,drink,,esc_drink_s0228_00,train
AcouDiet/ai/data/raw/public/drink/esc_drink_s0228_01.wav,drink,,esc_drink_s0228_01,train
AcouDiet/ai/data/raw/public/drink/esc_drink_s0230_00.wav,drink,,esc_drink_s0230_00,train
AcouDiet/ai/data/raw/public/drink/esc_drink_s0230_01.wav,drink,,esc_drink_s0230_01,train
AcouDiet/ai/data/raw/public/drink/esc_drink_s0232_00.wav,drink,,esc_drink_s0232_00,train
AcouDiet/ai/data/raw/public/drink/esc_drink_s0232_01.wav,drink,,esc_drink_s0232_01,train
AcouDiet/ai/data/raw/public/drink/esc_drink_s0233_00.wav,drink,,esc_drink_s0233_00,train
AcouDiet/ai/data/raw/public/drink/esc_drink_s0233_01.wav,drink,,esc_drink_s0233_01,train
AcouDiet/ai/data/raw/public/drink/esc_drink_s0235_00.wav,drink,,esc_drink_s0235_00,train
AcouDiet/ai/data/raw/public/drink/esc_drink_s0235_01.wav,drink,,esc_drink_s0235_01,train
AcouDiet/ai/data/raw/public/drink/esc_drink_s0237_00.wav,drink,,esc_drink_s0237_00,train
AcouDiet/ai/data/raw/public/drink/esc_drink_s0237_01.wav,drink,,esc_drink_s0237_01,train
AcouDiet/ai/data/raw/public/drink/esc_drink_s0239_00.wav,drink,,esc_drink_s0239_00,train
AcouDiet/ai/data/raw/public/drink/esc_drink_s0239_01.wav,drink,,esc_drink_s0239_01,train
AcouDiet/ai/data/raw/public/drink/esc_drink_s0241_00.wav,drink,,esc_drink_s0241_00,train
AcouDiet/ai/data/raw/public/drink/esc_drink_s0241_01.wav,drink,,esc_drink_s0241_01,train
AcouDiet/ai/data/raw/public/drink/esc_drink_s0242_00.wav,drink,,esc_drink_s0242_00,train
AcouDiet/ai/data/raw/public/drink/esc_drink_s0242_01.wav,drink,,esc_drink_s0242_01,train
AcouDiet/ai/data/raw/public/drink/esc_drink_s0243_00.wav,drink,,esc_drink_s0243_00,train
AcouDiet/ai/data/raw/public/drink/esc_drink_s0243_01.wav,drink,,esc_drink_s0243_01,train
AcouDiet/ai/data/raw/public/drink/esc_drink_s0244_00.wav,drink,,esc_drink_s0244_00,train
AcouDiet/ai/data/raw/public/drink/esc_drink_s0244_01.wav,drink,,esc_drink_s0244_01,train
AcouDiet/ai/data/raw/public/drink/esc_drink_s0245_00.wav,drink,,esc_drink_s0245_00,train
AcouDiet/ai/data/raw/public/drink/esc_drink_s0245_01.wav,drink,,esc_drink_s0245_01,train
AcouDiet/ai/data/raw/public/drink/esc_drink_s0246_00.wav,drink,,esc_drink_s0246_00,train
AcouDiet/ai/data/raw/public/drink/esc_drink_s0246_01.wav,drink,,esc_drink_s0246_01,train
AcouDiet/ai/data/raw/public/drink/esc_drink_s0248_00.wav,drink,,esc_drink_s0248_00,train
AcouDiet/ai/data/raw/public/drink/esc_drink_s0248_01.wav,drink,,esc_drink_s0248_01,train
AcouDiet/ai/data/raw/public/drink/esc_drink_s0250_00.wav,drink,,esc_drink_s0250_00,train
AcouDiet/ai/data/raw/public/drink/esc_drink_s0250_01.wav,drink,,esc_drink_s0250_01,train
AcouDiet/ai/data/raw/public/drink/esc_drink_s0252_00.wav,drink,,esc_drink_s0252_00,train
AcouDiet/ai/data/raw/public/drink/esc_drink_s0252_01.wav,drink,,esc_drink_s0252_01,train
AcouDiet/ai/data/raw/public/drink/esc_drink_s0254_00.wav,drink,,esc_drink_s0254_00,train
AcouDiet/ai/data/raw/public/drink/esc_drink_s0254_01.wav,drink,,esc_drink_s0254_01,train
AcouDiet/ai/data/raw/public/drink/esc_drink_s0259_00.wav,drink,,esc_drink_s0259_00,train
AcouDiet/ai/data/raw/public/drink/esc_drink_s0259_01.wav,drink,,esc_drink_s0259_01,train
AcouDiet/ai/data/raw/public/gummies/esc_gummies_s0001_00.wav,gummies,,esc_gummies_s0001_00,train
AcouDiet/ai/data/raw/public/gummies/esc_gummies_s0001_01.wav,gummies,,esc_gummies_s0001_01,train
AcouDiet/ai/data/raw/public/gummies/esc_gummies_s0003_00.wav,gummies,,esc_gummies_s0003_00,train
AcouDiet/ai/data/raw/public/gummies/esc_gummies_s0003_01.wav,gummies,,esc_gummies_s0003_01,train
AcouDiet/ai/data/raw/public/gummies/esc_gummies_s0005_00.wav,gummies,,esc_gummies_s0005_00,train
AcouDiet/ai/data/raw/public/gummies/esc_gummies_s0005_01.wav,gummies,,esc_gummies_s0005_01,train
AcouDiet/ai/data/raw/public/gummies/esc_gummies_s0006_00.wav,gummies,,esc_gummies_s0006_00,train
AcouDiet/ai/data/raw/public/gummies/esc_gummies_s0006_01.wav,gummies,,esc_gummies_s0006_01,train
AcouDiet/ai/data/raw/public/gummies/esc_gummies_s0008_00.wav,gummies,,esc_gummies_s0008_00,train
AcouDiet/ai/data/raw/public/gummies/esc_gummies_s0008_01.wav,gummies,,esc_gummies_s0008_01,train
AcouDiet/ai/data/raw/public/gummies/esc_gummies_s0009_00.wav,gummies,,esc_gummies_s0009_00,train
AcouDiet/ai/data/raw/public/gummies/esc_gummies_s0009_01.wav,gummies,,esc_gummies_s0009_01,train
AcouDiet/ai/data/raw/public/gummies/esc_gummies_s0012_00.wav,gummies,,esc_gummies_s0012_00,train
AcouDiet/ai/data/raw/public/gummies/esc_gummies_s0012_01.wav,gummies,,esc_gummies_s0012_01,train
AcouDiet/ai/data/raw/public/gummies/esc_gummies_s0014_00.wav,gummies,,esc_gummies_s0014_00,train
AcouDiet/ai/data/raw/public/gummies/esc_gummies_s0014_01.wav,gummies,,esc_gummies_s0014_01,train
AcouDiet/ai/data/raw/public/gummies/esc_gummies_s0015_00.wav,gummies,,esc_gummies_s0015_00,train
AcouDiet/ai/data/raw/public/gummies/esc_gummies_s0015_01.wav,gummies,,esc_gummies_s0015_01,train
AcouDiet/ai/data/raw/public/gummies/esc_gummies_s0016_00.wav,gummies,,esc_gummies_s0016_00,train
AcouDiet/ai/data/raw/public/gummies/esc_gummies_s0016_01.wav,gummies,,esc_gummies_s0016_01,train
AcouDiet/ai/data/raw/public/gummies/esc_gummies_s0018_00.wav,gummies,,esc_gummies_s0018_00,train
AcouDiet/ai/data/raw/public/gummies/esc_gummies_s0018_01.wav,gummies,,esc_gummies_s0018_01,train
AcouDiet/ai/data/raw/public/gummies/esc_gummies_s0021_00.wav,gummies,,esc_gummies_s0021_00,train
AcouDiet/ai/data/raw/public/gummies/esc_gummies_s0021_01.wav,gummies,,esc_gummies_s0021_01,train
AcouDiet/ai/data/raw/public/gummies/esc_gummies_s0023_00.wav,gummies,,esc_gummies_s0023_00,train
AcouDiet/ai/data/raw/public/gummies/esc_gummies_s0023_01.wav,gummies,,esc_gummies_s0023_01,train
AcouDiet/ai/data/raw/public/gummies/esc_gummies_s0024_00.wav,gummies,,esc_gummies_s0024_00,train
AcouDiet/ai/data/raw/public/gummies/esc_gummies_s0024_01.wav,gummies,,esc_gummies_s0024_01,train
AcouDiet/ai/data/raw/public/gummies/esc_gummies_s0025_00.wav,gummies,,esc_gummies_s0025_00,train
AcouDiet/ai/data/raw/public/gummies/esc_gummies_s0025_01.wav,gummies,,esc_gummies_s0025_01,train
AcouDiet/ai/data/raw/public/gummies/esc_gummies_s0029_00.wav,gummies,,esc_gummies_s0029_00,train
AcouDiet/ai/data/raw/public/gummies/esc_gummies_s0029_01.wav,gummies,,esc_gummies_s0029_01,train
AcouDiet/ai/data/raw/public/gummies/esc_gummies_s0032_00.wav,gummies,,esc_gummies_s0032_00,train
AcouDiet/ai/data/raw/public/gummies/esc_gummies_s0032_01.wav,gummies,,esc_gummies_s0032_01,train
AcouDiet/ai/data/raw/public/gummies/esc_gummies_s0033_00.wav,gummies,,esc_gummies_s0033_00,train
AcouDiet/ai/data/raw/public/gummies/esc_gummies_s0033_01.wav,gummies,,esc_gummies_s0033_01,train
AcouDiet/ai/data/raw/public/gummies/esc_gummies_s0034_00.wav,gummies,,esc_gummies_s0034_00,train
AcouDiet/ai/data/raw/public/gummies/esc_gummies_s0034_01.wav,gummies,,esc_gummies_s0034_01,train
AcouDiet/ai/data/raw/public/gummies/esc_gummies_s0035_00.wav,gummies,,esc_gummies_s0035_00,train
AcouDiet/ai/data/raw/public/gummies/esc_gummies_s0035_01.wav,gummies,,esc_gummies_s0035_01,train
AcouDiet/ai/data/raw/public/gummies/esc_gummies_s0037_00.wav,gummies,,esc_gummies_s0037_00,train
AcouDiet/ai/data/raw/public/gummies/esc_gummies_s0037_01.wav,gummies,,esc_gummies_s0037_01,train
AcouDiet/ai/data/raw/public/gummies/esc_gummies_s0038_00.wav,gummies,,esc_gummies_s0038_00,train
AcouDiet/ai/data/raw/public/gummies/esc_gummies_s0038_01.wav,gummies,,esc_gummies_s0038_01,train
AcouDiet/ai/data/raw/public/gummies/esc_gummies_s0039_00.wav,gummies,,esc_gummies_s0039_00,train
AcouDiet/ai/data/raw/public/gummies/esc_gummies_s0039_01.wav,gummies,,esc_gummies_s0039_01,train
AcouDiet/ai/data/raw/public/gummies/esc_gummies_s0040_00.wav,gummies,,esc_gummies_s0040_00,train
AcouDiet/ai/data/raw/public/gummies/esc_gummies_s0040_01.wav,gummies,,esc_gummies_s0040_01,train
AcouDiet/ai/data/raw/public/gummies/esc_gummies_s0043_00.wav,gummies,,esc_gummies_s0043_00,train
AcouDiet/ai/data/raw/public/gummies/esc_gummies_s0043_01.wav,gummies,,esc_gummies_s0043_01,train
AcouDiet/ai/data/raw/public/gummies/esc_gummies_s0044_00.wav,gummies,,esc_gummies_s0044_00,train
AcouDiet/ai/data/raw/public/gummies/esc_gummies_s0044_01.wav,gummies,,esc_gummies_s0044_01,train
AcouDiet/ai/data/raw/public/gummies/esc_gummies_s0045_00.wav,gummies,,esc_gummies_s0045_00,train
AcouDiet/ai/data/raw/public/gummies/esc_gummies_s0045_01.wav,gummies,,esc_gummies_s0045_01,train
AcouDiet/ai/data/raw/public/gummies/esc_gummies_s0046_00.wav,gummies,,esc_gummies_s0046_00,train
AcouDiet/ai/data/raw/public/gummies/esc_gummies_s0046_01.wav,gummies,,esc_gummies_s0046_01,train
AcouDiet/ai/data/raw/public/gummies/esc_gummies_s0047_00.wav,gummies,,esc_gummies_s0047_00,train
AcouDiet/ai/data/raw/public/gummies/esc_gummies_s0047_01.wav,gummies,,esc_gummies_s0047_01,train
AcouDiet/ai/data/raw/public/gummies/esc_gummies_s0049_00.wav,gummies,,esc_gummies_s0049_00,train
AcouDiet/ai/data/raw/public/gummies/esc_gummies_s0049_01.wav,gummies,,esc_gummies_s0049_01,train
AcouDiet/ai/data/raw/public/gummies/esc_gummies_s0050_00.wav,gummies,,esc_gummies_s0050_00,train
AcouDiet/ai/data/raw/public/gummies/esc_gummies_s0050_01.wav,gummies,,esc_gummies_s0050_01,train
AcouDiet/ai/data/raw/public/gummies/esc_gummies_s0051_00.wav,gummies,,esc_gummies_s0051_00,train
AcouDiet/ai/data/raw/public/gummies/esc_gummies_s0051_01.wav,gummies,,esc_gummies_s0051_01,train
AcouDiet/ai/data/raw/public/gummies/esc_gummies_s0052_00.wav,gummies,,esc_gummies_s0052_00,train
AcouDiet/ai/data/raw/public/gummies/esc_gummies_s0052_01.wav,gummies,,esc_gummies_s0052_01,train
AcouDiet/ai/data/raw/public/gummies/esc_gummies_s0053_00.wav,gummies,,esc_gummies_s0053_00,train
AcouDiet/ai/data/raw/public/gummies/esc_gummies_s0053_01.wav,gummies,,esc_gummies_s0053_01,train
AcouDiet/ai/data/raw/public/gummies/esc_gummies_s0054_00.wav,gummies,,esc_gummies_s0054_00,train
AcouDiet/ai/data/raw/public/gummies/esc_gummies_s0054_01.wav,gummies,,esc_gummies_s0054_01,train
AcouDiet/ai/data/raw/public/gummies/esc_gummies_s0055_00.wav,gummies,,esc_gummies_s0055_00,train
AcouDiet/ai/data/raw/public/gummies/esc_gummies_s0055_01.wav,gummies,,esc_gummies_s0055_01,train
AcouDiet/ai/data/raw/public/gummies/esc_gummies_s0056_00.wav,gummies,,esc_gummies_s0056_00,train
AcouDiet/ai/data/raw/public/gummies/esc_gummies_s0056_01.wav,gummies,,esc_gummies_s0056_01,train
AcouDiet/ai/data/raw/public/gummies/esc_gummies_s0059_00.wav,gummies,,esc_gummies_s0059_00,train
AcouDiet/ai/data/raw/public/gummies/esc_gummies_s0059_01.wav,gummies,,esc_gummies_s0059_01,train
AcouDiet/ai/data/raw/public/gummies/esc_gummies_s0061_00.wav,gummies,,esc_gummies_s0061_00,train
AcouDiet/ai/data/raw/public/gummies/esc_gummies_s0061_01.wav,gummies,,esc_gummies_s0061_01,train
AcouDiet/ai/data/raw/public/gummies/esc_gummies_s0062_00.wav,gummies,,esc_gummies_s0062_00,train
AcouDiet/ai/data/raw/public/gummies/esc_gummies_s0062_01.wav,gummies,,esc_gummies_s0062_01,train
AcouDiet/ai/data/raw/public/gummies/esc_gummies_s0063_00.wav,gummies,,esc_gummies_s0063_00,train
AcouDiet/ai/data/raw/public/gummies/esc_gummies_s0063_01.wav,gummies,,esc_gummies_s0063_01,train
AcouDiet/ai/data/raw/public/gummies/esc_gummies_s0066_00.wav,gummies,,esc_gummies_s0066_00,train
AcouDiet/ai/data/raw/public/gummies/esc_gummies_s0066_01.wav,gummies,,esc_gummies_s0066_01,train
AcouDiet/ai/data/raw/public/gummies/esc_gummies_s0067_00.wav,gummies,,esc_gummies_s0067_00,train
AcouDiet/ai/data/raw/public/gummies/esc_gummies_s0067_01.wav,gummies,,esc_gummies_s0067_01,train
AcouDiet/ai/data/raw/public/gummies/esc_gummies_s0068_00.wav,gummies,,esc_gummies_s0068_00,train
AcouDiet/ai/data/raw/public/gummies/esc_gummies_s0068_01.wav,gummies,,esc_gummies_s0068_01,train
AcouDiet/ai/data/raw/public/gummies/esc_gummies_s0069_00.wav,gummies,,esc_gummies_s0069_00,train
AcouDiet/ai/data/raw/public/gummies/esc_gummies_s0069_01.wav,gummies,,esc_gummies_s0069_01,train
AcouDiet/ai/data/raw/public/gummies/esc_gummies_s0070_00.wav,gummies,,esc_gummies_s0070_00,train
AcouDiet/ai/data/raw/public/gummies/esc_gummies_s0070_01.wav,gummies,,esc_gummies_s0070_01,train
AcouDiet/ai/data/raw/public/gummies/esc_gummies_s0073_00.wav,gummies,,esc_gummies_s0073_00,train
AcouDiet/ai/data/raw/public/gummies/esc_gummies_s0073_01.wav,gummies,,esc_gummies_s0073_01,train
AcouDiet/ai/data/raw/public/gummies/esc_gummies_s0074_00.wav,gummies,,esc_gummies_s0074_00,train
AcouDiet/ai/data/raw/public/gummies/esc_gummies_s0074_01.wav,gummies,,esc_gummies_s0074_01,train
AcouDiet/ai/data/raw/public/gummies/esc_gummies_s0075_00.wav,gummies,,esc_gummies_s0075_00,train
AcouDiet/ai/data/raw/public/gummies/esc_gummies_s0075_01.wav,gummies,,esc_gummies_s0075_01,train
AcouDiet/ai/data/raw/public/gummies/esc_gummies_s0076_00.wav,gummies,,esc_gummies_s0076_00,train
AcouDiet/ai/data/raw/public/gummies/esc_gummies_s0076_01.wav,gummies,,esc_gummies_s0076_01,train
AcouDiet/ai/data/raw/public/gummies/esc_gummies_s0079_00.wav,gummies,,esc_gummies_s0079_00,train
AcouDiet/ai/data/raw/public/gummies/esc_gummies_s0079_01.wav,gummies,,esc_gummies_s0079_01,train
AcouDiet/ai/data/raw/public/gummies/esc_gummies_s0080_00.wav,gummies,,esc_gummies_s0080_00,train
AcouDiet/ai/data/raw/public/gummies/esc_gummies_s0080_01.wav,gummies,,esc_gummies_s0080_01,train
AcouDiet/ai/data/raw/public/gummies/esc_gummies_s0082_00.wav,gummies,,esc_gummies_s0082_00,train
AcouDiet/ai/data/raw/public/gummies/esc_gummies_s0082_01.wav,gummies,,esc_gummies_s0082_01,train
AcouDiet/ai/data/raw/public/gummies/esc_gummies_s0084_00.wav,gummies,,esc_gummies_s0084_00,train
AcouDiet/ai/data/raw/public/gummies/esc_gummies_s0084_01.wav,gummies,,esc_gummies_s0084_01,train
AcouDiet/ai/data/raw/public/gummies/esc_gummies_s0086_00.wav,gummies,,esc_gummies_s0086_00,train
AcouDiet/ai/data/raw/public/gummies/esc_gummies_s0086_01.wav,gummies,,esc_gummies_s0086_01,train
AcouDiet/ai/data/raw/public/gummies/esc_gummies_s0087_00.wav,gummies,,esc_gummies_s0087_00,train
AcouDiet/ai/data/raw/public/gummies/esc_gummies_s0087_01.wav,gummies,,esc_gummies_s0087_01,train
AcouDiet/ai/data/raw/public/gummies/esc_gummies_s0088_00.wav,gummies,,esc_gummies_s0088_00,train
AcouDiet/ai/data/raw/public/gummies/esc_gummies_s0088_01.wav,gummies,,esc_gummies_s0088_01,train
AcouDiet/ai/data/raw/public/gummies/esc_gummies_s0091_00.wav,gummies,,esc_gummies_s0091_00,train
AcouDiet/ai/data/raw/public/gummies/esc_gummies_s0091_01.wav,gummies,,esc_gummies_s0091_01,train
AcouDiet/ai/data/raw/public/gummies/esc_gummies_s0092_00.wav,gummies,,esc_gummies_s0092_00,train
AcouDiet/ai/data/raw/public/gummies/esc_gummies_s0092_01.wav,gummies,,esc_gummies_s0092_01,train
AcouDiet/ai/data/raw/public/gummies/esc_gummies_s0093_00.wav,gummies,,esc_gummies_s0093_00,train
AcouDiet/ai/data/raw/public/gummies/esc_gummies_s0093_01.wav,gummies,,esc_gummies_s0093_01,train
AcouDiet/ai/data/raw/public/gummies/esc_gummies_s0094_00.wav,gummies,,esc_gummies_s0094_00,train
AcouDiet/ai/data/raw/public/gummies/esc_gummies_s0094_01.wav,gummies,,esc_gummies_s0094_01,train
AcouDiet/ai/data/raw/public/gummies/esc_gummies_s0095_00.wav,gummies,,esc_gummies_s0095_00,train
AcouDiet/ai/data/raw/public/gummies/esc_gummies_s0095_01.wav,gummies,,esc_gummies_s0095_01,train
AcouDiet/ai/data/raw/public/gummies/esc_gummies_s0097_00.wav,gummies,,esc_gummies_s0097_00,train
AcouDiet/ai/data/raw/public/gummies/esc_gummies_s0097_01.wav,gummies,,esc_gummies_s0097_01,train
AcouDiet/ai/data/raw/public/gummies/esc_gummies_s0099_00.wav,gummies,,esc_gummies_s0099_00,train
AcouDiet/ai/data/raw/public/gummies/esc_gummies_s0099_01.wav,gummies,,esc_gummies_s0099_01,train
AcouDiet/ai/data/raw/public/gummies/esc_gummies_s0100_00.wav,gummies,,esc_gummies_s0100_00,train
AcouDiet/ai/data/raw/public/gummies/esc_gummies_s0100_01.wav,gummies,,esc_gummies_s0100_01,train
AcouDiet/ai/data/raw/public/gummies/esc_gummies_s0102_00.wav,gummies,,esc_gummies_s0102_00,train
AcouDiet/ai/data/raw/public/gummies/esc_gummies_s0102_01.wav,gummies,,esc_gummies_s0102_01,train
AcouDiet/ai/data/raw/public/gummies/esc_gummies_s0103_00.wav,gummies,,esc_gummies_s0103_00,train
AcouDiet/ai/data/raw/public/gummies/esc_gummies_s0103_01.wav,gummies,,esc_gummies_s0103_01,train
AcouDiet/ai/data/raw/public/gummies/esc_gummies_s0105_00.wav,gummies,,esc_gummies_s0105_00,train
AcouDiet/ai/data/raw/public/gummies/esc_gummies_s0105_01.wav,gummies,,esc_gummies_s0105_01,train
AcouDiet/ai/data/raw/public/gummies/esc_gummies_s0106_00.wav,gummies,,esc_gummies_s0106_00,train
AcouDiet/ai/data/raw/public/gummies/esc_gummies_s0106_01.wav,gummies,,esc_gummies_s0106_01,train
AcouDiet/ai/data/raw/public/gummies/esc_gummies_s0109_00.wav,gummies,,esc_gummies_s0109_00,train
AcouDiet/ai/data/raw/public/gummies/esc_gummies_s0109_01.wav,gummies,,esc_gummies_s0109_01,train
AcouDiet/ai/data/raw/public/gummies/esc_gummies_s0110_00.wav,gummies,,esc_gummies_s0110_00,train
AcouDiet/ai/data/raw/public/gummies/esc_gummies_s0110_01.wav,gummies,,esc_gummies_s0110_01,train
AcouDiet/ai/data/raw/public/gummies/esc_gummies_s0111_00.wav,gummies,,esc_gummies_s0111_00,train
AcouDiet/ai/data/raw/public/gummies/esc_gummies_s0111_01.wav,gummies,,esc_gummies_s0111_01,train
AcouDiet/ai/data/raw/public/gummies/esc_gummies_s0112_00.wav,gummies,,esc_gummies_s0112_00,train
AcouDiet/ai/data/raw/public/gummies/esc_gummies_s0112_01.wav,gummies,,esc_gummies_s0112_01,train
AcouDiet/ai/data/raw/public/gummies/esc_gummies_s0113_00.wav,gummies,,esc_gummies_s0113_00,train
AcouDiet/ai/data/raw/public/gummies/esc_gummies_s0113_01.wav,gummies,,esc_gummies_s0113_01,train
AcouDiet/ai/data/raw/public/gummies/esc_gummies_s0114_00.wav,gummies,,esc_gummies_s0114_00,train
AcouDiet/ai/data/raw/public/gummies/esc_gummies_s0114_01.wav,gummies,,esc_gummies_s0114_01,train
AcouDiet/ai/data/raw/public/gummies/esc_gummies_s0115_00.wav,gummies,,esc_gummies_s0115_00,train
AcouDiet/ai/data/raw/public/gummies/esc_gummies_s0115_01.wav,gummies,,esc_gummies_s0115_01,train
AcouDiet/ai/data/raw/public/gummies/esc_gummies_s0116_00.wav,gummies,,esc_gummies_s0116_00,train
AcouDiet/ai/data/raw/public/gummies/esc_gummies_s0116_01.wav,gummies,,esc_gummies_s0116_01,train
AcouDiet/ai/data/raw/public/gummies/esc_gummies_s0118_00.wav,gummies,,esc_gummies_s0118_00,train
AcouDiet/ai/data/raw/public/gummies/esc_gummies_s0118_01.wav,gummies,,esc_gummies_s0118_01,train
AcouDiet/ai/data/raw/public/gummies/esc_gummies_s0119_00.wav,gummies,,esc_gummies_s0119_00,train
AcouDiet/ai/data/raw/public/gummies/esc_gummies_s0119_01.wav,gummies,,esc_gummies_s0119_01,train
AcouDiet/ai/data/raw/public/gummies/esc_gummies_s0120_00.wav,gummies,,esc_gummies_s0120_00,train
AcouDiet/ai/data/raw/public/gummies/esc_gummies_s0120_01.wav,gummies,,esc_gummies_s0120_01,train
AcouDiet/ai/data/raw/public/gummies/esc_gummies_s0121_00.wav,gummies,,esc_gummies_s0121_00,train
AcouDiet/ai/data/raw/public/gummies/esc_gummies_s0121_01.wav,gummies,,esc_gummies_s0121_01,train
AcouDiet/ai/data/raw/public/gummies/esc_gummies_s0122_00.wav,gummies,,esc_gummies_s0122_00,train
AcouDiet/ai/data/raw/public/gummies/esc_gummies_s0122_01.wav,gummies,,esc_gummies_s0122_01,train
AcouDiet/ai/data/raw/public/gummies/esc_gummies_s0123_00.wav,gummies,,esc_gummies_s0123_00,train
AcouDiet/ai/data/raw/public/gummies/esc_gummies_s0123_01.wav,gummies,,esc_gummies_s0123_01,train
AcouDiet/ai/data/raw/public/gummies/esc_gummies_s0125_00.wav,gummies,,esc_gummies_s0125_00,train
AcouDiet/ai/data/raw/public/gummies/esc_gummies_s0125_01.wav,gummies,,esc_gummies_s0125_01,train
AcouDiet/ai/data/raw/public/gummies/esc_gummies_s0126_00.wav,gummies,,esc_gummies_s0126_00,train
AcouDiet/ai/data/raw/public/gummies/esc_gummies_s0126_01.wav,gummies,,esc_gummies_s0126_01,train
AcouDiet/ai/data/raw/public/gummies/esc_gummies_s0127_00.wav,gummies,,esc_gummies_s0127_00,train
AcouDiet/ai/data/raw/public/gummies/esc_gummies_s0127_01.wav,gummies,,esc_gummies_s0127_01,train
AcouDiet/ai/data/raw/public/gummies/esc_gummies_s0129_00.wav,gummies,,esc_gummies_s0129_00,train
AcouDiet/ai/data/raw/public/gummies/esc_gummies_s0129_01.wav,gummies,,esc_gummies_s0129_01,train
AcouDiet/ai/data/raw/public/gummies/esc_gummies_s0132_00.wav,gummies,,esc_gummies_s0132_00,train
AcouDiet/ai/data/raw/public/gummies/esc_gummies_s0132_01.wav,gummies,,esc_gummies_s0132_01,train
AcouDiet/ai/data/raw/public/gummies/esc_gummies_s0133_00.wav,gummies,,esc_gummies_s0133_00,train
AcouDiet/ai/data/raw/public/gummies/esc_gummies_s0133_01.wav,gummies,,esc_gummies_s0133_01,train
AcouDiet/ai/data/raw/public/gummies/esc_gummies_s0134_00.wav,gummies,,esc_gummies_s0134_00,train
AcouDiet/ai/data/raw/public/gummies/esc_gummies_s0134_01.wav,gummies,,esc_gummies_s0134_01,train
AcouDiet/ai/data/raw/public/gummies/esc_gummies_s0135_00.wav,gummies,,esc_gummies_s0135_00,train
AcouDiet/ai/data/raw/public/gummies/esc_gummies_s0135_01.wav,gummies,,esc_gummies_s0135_01,train
AcouDiet/ai/data/raw/public/gummies/esc_gummies_s0136_00.wav,gummies,,esc_gummies_s0136_00,train
AcouDiet/ai/data/raw/public/gummies/esc_gummies_s0136_01.wav,gummies,,esc_gummies_s0136_01,train
AcouDiet/ai/data/raw/public/gummies/esc_gummies_s0137_00.wav,gummies,,esc_gummies_s0137_00,train
AcouDiet/ai/data/raw/public/gummies/esc_gummies_s0137_01.wav,gummies,,esc_gummies_s0137_01,train
AcouDiet/ai/data/raw/public/gummies/esc_gummies_s0138_00.wav,gummies,,esc_gummies_s0138_00,train
AcouDiet/ai/data/raw/public/gummies/esc_gummies_s0138_01.wav,gummies,,esc_gummies_s0138_01,train
AcouDiet/ai/data/raw/public/gummies/esc_gummies_s0139_00.wav,gummies,,esc_gummies_s0139_00,train
AcouDiet/ai/data/raw/public/gummies/esc_gummies_s0139_01.wav,gummies,,esc_gummies_s0139_01,train
AcouDiet/ai/data/raw/public/gummies/esc_gummies_s0140_00.wav,gummies,,esc_gummies_s0140_00,train
AcouDiet/ai/data/raw/public/gummies/esc_gummies_s0140_01.wav,gummies,,esc_gummies_s0140_01,train
AcouDiet/ai/data/raw/public/gummies/esc_gummies_s0141_00.wav,gummies,,esc_gummies_s0141_00,train
AcouDiet/ai/data/raw/public/gummies/esc_gummies_s0141_01.wav,gummies,,esc_gummies_s0141_01,train
AcouDiet/ai/data/raw/public/gummies/esc_gummies_s0142_00.wav,gummies,,esc_gummies_s0142_00,train
AcouDiet/ai/data/raw/public/gummies/esc_gummies_s0142_01.wav,gummies,,esc_gummies_s0142_01,train
AcouDiet/ai/data/raw/public/gummies/esc_gummies_s0143_00.wav,gummies,,esc_gummies_s0143_00,train
AcouDiet/ai/data/raw/public/gummies/esc_gummies_s0143_01.wav,gummies,,esc_gummies_s0143_01,train
AcouDiet/ai/data/raw/public/gummies/esc_gummies_s0144_00.wav,gummies,,esc_gummies_s0144_00,train
AcouDiet/ai/data/raw/public/gummies/esc_gummies_s0144_01.wav,gummies,,esc_gummies_s0144_01,train
AcouDiet/ai/data/raw/public/gummies/esc_gummies_s0147_00.wav,gummies,,esc_gummies_s0147_00,train
AcouDiet/ai/data/raw/public/gummies/esc_gummies_s0147_01.wav,gummies,,esc_gummies_s0147_01,train
AcouDiet/ai/data/raw/public/gummies/esc_gummies_s0148_00.wav,gummies,,esc_gummies_s0148_00,train
AcouDiet/ai/data/raw/public/gummies/esc_gummies_s0148_01.wav,gummies,,esc_gummies_s0148_01,train
AcouDiet/ai/data/raw/public/gummies/esc_gummies_s0149_00.wav,gummies,,esc_gummies_s0149_00,train
AcouDiet/ai/data/raw/public/gummies/esc_gummies_s0149_01.wav,gummies,,esc_gummies_s0149_01,train
AcouDiet/ai/data/raw/public/gummies/esc_gummies_s0151_00.wav,gummies,,esc_gummies_s0151_00,train
AcouDiet/ai/data/raw/public/gummies/esc_gummies_s0151_01.wav,gummies,,esc_gummies_s0151_01,train
AcouDiet/ai/data/raw/public/gummies/esc_gummies_s0152_00.wav,gummies,,esc_gummies_s0152_00,train
AcouDiet/ai/data/raw/public/gummies/esc_gummies_s0152_01.wav,gummies,,esc_gummies_s0152_01,train
AcouDiet/ai/data/raw/public/gummies/esc_gummies_s0153_00.wav,gummies,,esc_gummies_s0153_00,train
AcouDiet/ai/data/raw/public/gummies/esc_gummies_s0153_01.wav,gummies,,esc_gummies_s0153_01,train
AcouDiet/ai/data/raw/public/gummies/esc_gummies_s0154_00.wav,gummies,,esc_gummies_s0154_00,train
AcouDiet/ai/data/raw/public/gummies/esc_gummies_s0154_01.wav,gummies,,esc_gummies_s0154_01,train
AcouDiet/ai/data/raw/public/gummies/esc_gummies_s0156_00.wav,gummies,,esc_gummies_s0156_00,train
AcouDiet/ai/data/raw/public/gummies/esc_gummies_s0156_01.wav,gummies,,esc_gummies_s0156_01,train
AcouDiet/ai/data/raw/public/gummies/esc_gummies_s0157_00.wav,gummies,,esc_gummies_s0157_00,train
AcouDiet/ai/data/raw/public/gummies/esc_gummies_s0157_01.wav,gummies,,esc_gummies_s0157_01,train
AcouDiet/ai/data/raw/public/gummies/esc_gummies_s0159_00.wav,gummies,,esc_gummies_s0159_00,train
AcouDiet/ai/data/raw/public/gummies/esc_gummies_s0159_01.wav,gummies,,esc_gummies_s0159_01,train
AcouDiet/ai/data/raw/public/gummies/esc_gummies_s0160_00.wav,gummies,,esc_gummies_s0160_00,train
AcouDiet/ai/data/raw/public/gummies/esc_gummies_s0160_01.wav,gummies,,esc_gummies_s0160_01,train
AcouDiet/ai/data/raw/public/gummies/esc_gummies_s0161_00.wav,gummies,,esc_gummies_s0161_00,train
AcouDiet/ai/data/raw/public/gummies/esc_gummies_s0161_01.wav,gummies,,esc_gummies_s0161_01,train
AcouDiet/ai/data/raw/public/gummies/esc_gummies_s0162_00.wav,gummies,,esc_gummies_s0162_00,train
AcouDiet/ai/data/raw/public/gummies/esc_gummies_s0162_01.wav,gummies,,esc_gummies_s0162_01,train
AcouDiet/ai/data/raw/public/gummies/esc_gummies_s0163_00.wav,gummies,,esc_gummies_s0163_00,train
AcouDiet/ai/data/raw/public/gummies/esc_gummies_s0163_01.wav,gummies,,esc_gummies_s0163_01,train
AcouDiet/ai/data/raw/public/gummies/esc_gummies_s0164_00.wav,gummies,,esc_gummies_s0164_00,train
AcouDiet/ai/data/raw/public/gummies/esc_gummies_s0164_01.wav,gummies,,esc_gummies_s0164_01,train
AcouDiet/ai/data/raw/public/gummies/esc_gummies_s0165_00.wav,gummies,,esc_gummies_s0165_00,train
AcouDiet/ai/data/raw/public/gummies/esc_gummies_s0165_01.wav,gummies,,esc_gummies_s0165_01,train
AcouDiet/ai/data/raw/public/gummies/esc_gummies_s0167_00.wav,gummies,,esc_gummies_s0167_00,train
AcouDiet/ai/data/raw/public/gummies/esc_gummies_s0167_01.wav,gummies,,esc_gummies_s0167_01,train
AcouDiet/ai/data/raw/public/gummies/esc_gummies_s0168_00.wav,gummies,,esc_gummies_s0168_00,train
AcouDiet/ai/data/raw/public/gummies/esc_gummies_s0168_01.wav,gummies,,esc_gummies_s0168_01,train
AcouDiet/ai/data/raw/public/gummies/esc_gummies_s0169_00.wav,gummies,,esc_gummies_s0169_00,train
AcouDiet/ai/data/raw/public/gummies/esc_gummies_s0169_01.wav,gummies,,esc_gummies_s0169_01,train
AcouDiet/ai/data/raw/public/gummies/esc_gummies_s0170_00.wav,gummies,,esc_gummies_s0170_00,train
AcouDiet/ai/data/raw/public/gummies/esc_gummies_s0170_01.wav,gummies,,esc_gummies_s0170_01,train
AcouDiet/ai/data/raw/public/gummies/esc_gummies_s0171_00.wav,gummies,,esc_gummies_s0171_00,train
AcouDiet/ai/data/raw/public/gummies/esc_gummies_s0171_01.wav,gummies,,esc_gummies_s0171_01,train
AcouDiet/ai/data/raw/public/gummies/esc_gummies_s0172_00.wav,gummies,,esc_gummies_s0172_00,train
AcouDiet/ai/data/raw/public/gummies/esc_gummies_s0172_01.wav,gummies,,esc_gummies_s0172_01,train
AcouDiet/ai/data/raw/public/gummies/esc_gummies_s0174_00.wav,gummies,,esc_gummies_s0174_00,train
AcouDiet/ai/data/raw/public/gummies/esc_gummies_s0174_01.wav,gummies,,esc_gummies_s0174_01,train
AcouDiet/ai/data/raw/public/gummies/esc_gummies_s0177_00.wav,gummies,,esc_gummies_s0177_00,train
AcouDiet/ai/data/raw/public/gummies/esc_gummies_s0177_01.wav,gummies,,esc_gummies_s0177_01,train
AcouDiet/ai/data/raw/public/gummies/esc_gummies_s0179_00.wav,gummies,,esc_gummies_s0179_00,train
AcouDiet/ai/data/raw/public/gummies/esc_gummies_s0179_01.wav,gummies,,esc_gummies_s0179_01,train
AcouDiet/ai/data/raw/public/gummies/esc_gummies_s0180_00.wav,gummies,,esc_gummies_s0180_00,train
AcouDiet/ai/data/raw/public/gummies/esc_gummies_s0180_01.wav,gummies,,esc_gummies_s0180_01,train
AcouDiet/ai/data/raw/public/gummies/esc_gummies_s0181_00.wav,gummies,,esc_gummies_s0181_00,train
AcouDiet/ai/data/raw/public/gummies/esc_gummies_s0181_01.wav,gummies,,esc_gummies_s0181_01,train
AcouDiet/ai/data/raw/public/gummies/esc_gummies_s0182_00.wav,gummies,,esc_gummies_s0182_00,train
AcouDiet/ai/data/raw/public/gummies/esc_gummies_s0182_01.wav,gummies,,esc_gummies_s0182_01,train
AcouDiet/ai/data/raw/public/gummies/esc_gummies_s0183_00.wav,gummies,,esc_gummies_s0183_00,train
AcouDiet/ai/data/raw/public/gummies/esc_gummies_s0183_01.wav,gummies,,esc_gummies_s0183_01,train
AcouDiet/ai/data/raw/public/gummies/esc_gummies_s0184_00.wav,gummies,,esc_gummies_s0184_00,train
AcouDiet/ai/data/raw/public/gummies/esc_gummies_s0184_01.wav,gummies,,esc_gummies_s0184_01,train
AcouDiet/ai/data/raw/public/gummies/esc_gummies_s0188_00.wav,gummies,,esc_gummies_s0188_00,train
AcouDiet/ai/data/raw/public/gummies/esc_gummies_s0188_01.wav,gummies,,esc_gummies_s0188_01,train
AcouDiet/ai/data/raw/public/gummies/esc_gummies_s0190_00.wav,gummies,,esc_gummies_s0190_00,train
AcouDiet/ai/data/raw/public/gummies/esc_gummies_s0190_01.wav,gummies,,esc_gummies_s0190_01,train
AcouDiet/ai/data/raw/public/gummies/esc_gummies_s0191_00.wav,gummies,,esc_gummies_s0191_00,train
AcouDiet/ai/data/raw/public/gummies/esc_gummies_s0191_01.wav,gummies,,esc_gummies_s0191_01,train
AcouDiet/ai/data/raw/public/gummies/esc_gummies_s0192_00.wav,gummies,,esc_gummies_s0192_00,train
AcouDiet/ai/data/raw/public/gummies/esc_gummies_s0192_01.wav,gummies,,esc_gummies_s0192_01,train
AcouDiet/ai/data/raw/public/gummies/esc_gummies_s0193_00.wav,gummies,,esc_gummies_s0193_00,train
AcouDiet/ai/data/raw/public/gummies/esc_gummies_s0193_01.wav,gummies,,esc_gummies_s0193_01,train
AcouDiet/ai/data/raw/public/gummies/esc_gummies_s0194_00.wav,gummies,,esc_gummies_s0194_00,train
AcouDiet/ai/data/raw/public/gummies/esc_gummies_s0194_01.wav,gummies,,esc_gummies_s0194_01,train
AcouDiet/ai/data/raw/public/gummies/esc_gummies_s0195_00.wav,gummies,,esc_gummies_s0195_00,train
AcouDiet/ai/data/raw/public/gummies/esc_gummies_s0195_01.wav,gummies,,esc_gummies_s0195_01,train
AcouDiet/ai/data/raw/public/gummies/esc_gummies_s0196_00.wav,gummies,,esc_gummies_s0196_00,train
AcouDiet/ai/data/raw/public/gummies/esc_gummies_s0196_01.wav,gummies,,esc_gummies_s0196_01,train
AcouDiet/ai/data/raw/public/gummies/esc_gummies_s0197_00.wav,gummies,,esc_gummies_s0197_00,train
AcouDiet/ai/data/raw/public/gummies/esc_gummies_s0197_01.wav,gummies,,esc_gummies_s0197_01,train
AcouDiet/ai/data/raw/public/gummies/esc_gummies_s0202_00.wav,gummies,,esc_gummies_s0202_00,train
AcouDiet/ai/data/raw/public/gummies/esc_gummies_s0202_01.wav,gummies,,esc_gummies_s0202_01,train
AcouDiet/ai/data/raw/public/gummies/esc_gummies_s0203_00.wav,gummies,,esc_gummies_s0203_00,train
AcouDiet/ai/data/raw/public/gummies/esc_gummies_s0203_01.wav,gummies,,esc_gummies_s0203_01,train
AcouDiet/ai/data/raw/public/gummies/esc_gummies_s0204_00.wav,gummies,,esc_gummies_s0204_00,train
AcouDiet/ai/data/raw/public/gummies/esc_gummies_s0204_01.wav,gummies,,esc_gummies_s0204_01,train
AcouDiet/ai/data/raw/public/gummies/esc_gummies_s0205_00.wav,gummies,,esc_gummies_s0205_00,train
AcouDiet/ai/data/raw/public/gummies/esc_gummies_s0205_01.wav,gummies,,esc_gummies_s0205_01,train
AcouDiet/ai/data/raw/public/gummies/esc_gummies_s0206_00.wav,gummies,,esc_gummies_s0206_00,train
AcouDiet/ai/data/raw/public/gummies/esc_gummies_s0206_01.wav,gummies,,esc_gummies_s0206_01,train
AcouDiet/ai/data/raw/public/gummies/esc_gummies_s0207_00.wav,gummies,,esc_gummies_s0207_00,train
AcouDiet/ai/data/raw/public/gummies/esc_gummies_s0207_01.wav,gummies,,esc_gummies_s0207_01,train
AcouDiet/ai/data/raw/public/gummies/esc_gummies_s0208_00.wav,gummies,,esc_gummies_s0208_00,train
AcouDiet/ai/data/raw/public/gummies/esc_gummies_s0208_01.wav,gummies,,esc_gummies_s0208_01,train
AcouDiet/ai/data/raw/public/gummies/esc_gummies_s0209_00.wav,gummies,,esc_gummies_s0209_00,train
AcouDiet/ai/data/raw/public/gummies/esc_gummies_s0209_01.wav,gummies,,esc_gummies_s0209_01,train
AcouDiet/ai/data/raw/public/gummies/esc_gummies_s0210_00.wav,gummies,,esc_gummies_s0210_00,train
AcouDiet/ai/data/raw/public/gummies/esc_gummies_s0210_01.wav,gummies,,esc_gummies_s0210_01,train
AcouDiet/ai/data/raw/public/gummies/esc_gummies_s0216_00.wav,gummies,,esc_gummies_s0216_00,train
AcouDiet/ai/data/raw/public/gummies/esc_gummies_s0216_01.wav,gummies,,esc_gummies_s0216_01,train
AcouDiet/ai/data/raw/public/gummies/esc_gummies_s0218_00.wav,gummies,,esc_gummies_s0218_00,train
AcouDiet/ai/data/raw/public/gummies/esc_gummies_s0218_01.wav,gummies,,esc_gummies_s0218_01,train
AcouDiet/ai/data/raw/public/gummies/esc_gummies_s0219_00.wav,gummies,,esc_gummies_s0219_00,train
AcouDiet/ai/data/raw/public/gummies/esc_gummies_s0219_01.wav,gummies,,esc_gummies_s0219_01,train
AcouDiet/ai/data/raw/public/gummies/esc_gummies_s0220_00.wav,gummies,,esc_gummies_s0220_00,train
AcouDiet/ai/data/raw/public/gummies/esc_gummies_s0220_01.wav,gummies,,esc_gummies_s0220_01,train
AcouDiet/ai/data/raw/public/gummies/esc_gummies_s0221_00.wav,gummies,,esc_gummies_s0221_00,train
AcouDiet/ai/data/raw/public/gummies/esc_gummies_s0221_01.wav,gummies,,esc_gummies_s0221_01,train
AcouDiet/ai/data/raw/public/gummies/esc_gummies_s0222_00.wav,gummies,,esc_gummies_s0222_00,train
AcouDiet/ai/data/raw/public/gummies/esc_gummies_s0222_01.wav,gummies,,esc_gummies_s0222_01,train
AcouDiet/ai/data/raw/public/gummies/esc_gummies_s0223_00.wav,gummies,,esc_gummies_s0223_00,train
AcouDiet/ai/data/raw/public/gummies/esc_gummies_s0223_01.wav,gummies,,esc_gummies_s0223_01,train
AcouDiet/ai/data/raw/public/gummies/esc_gummies_s0224_00.wav,gummies,,esc_gummies_s0224_00,train
AcouDiet/ai/data/raw/public/gummies/esc_gummies_s0224_01.wav,gummies,,esc_gummies_s0224_01,train
AcouDiet/ai/data/raw/public/gummies/esc_gummies_s0225_00.wav,gummies,,esc_gummies_s0225_00,train
AcouDiet/ai/data/raw/public/gummies/esc_gummies_s0225_01.wav,gummies,,esc_gummies_s0225_01,train
AcouDiet/ai/data/raw/public/gummies/esc_gummies_s0226_00.wav,gummies,,esc_gummies_s0226_00,train
AcouDiet/ai/data/raw/public/gummies/esc_gummies_s0226_01.wav,gummies,,esc_gummies_s0226_01,train
AcouDiet/ai/data/raw/public/gummies/esc_gummies_s0227_00.wav,gummies,,esc_gummies_s0227_00,train
AcouDiet/ai/data/raw/public/gummies/esc_gummies_s0227_01.wav,gummies,,esc_gummies_s0227_01,train
AcouDiet/ai/data/raw/public/gummies/esc_gummies_s0228_00.wav,gummies,,esc_gummies_s0228_00,train
AcouDiet/ai/data/raw/public/gummies/esc_gummies_s0228_01.wav,gummies,,esc_gummies_s0228_01,train
AcouDiet/ai/data/raw/public/gummies/esc_gummies_s0231_00.wav,gummies,,esc_gummies_s0231_00,train
AcouDiet/ai/data/raw/public/gummies/esc_gummies_s0231_01.wav,gummies,,esc_gummies_s0231_01,train
AcouDiet/ai/data/raw/public/gummies/esc_gummies_s0232_00.wav,gummies,,esc_gummies_s0232_00,train
AcouDiet/ai/data/raw/public/gummies/esc_gummies_s0232_01.wav,gummies,,esc_gummies_s0232_01,train
AcouDiet/ai/data/raw/public/gummies/esc_gummies_s0233_00.wav,gummies,,esc_gummies_s0233_00,train
AcouDiet/ai/data/raw/public/gummies/esc_gummies_s0233_01.wav,gummies,,esc_gummies_s0233_01,train
AcouDiet/ai/data/raw/public/gummies/esc_gummies_s0234_00.wav,gummies,,esc_gummies_s0234_00,train
AcouDiet/ai/data/raw/public/gummies/esc_gummies_s0234_01.wav,gummies,,esc_gummies_s0234_01,train
AcouDiet/ai/data/raw/public/gummies/esc_gummies_s0235_00.wav,gummies,,esc_gummies_s0235_00,train
AcouDiet/ai/data/raw/public/gummies/esc_gummies_s0235_01.wav,gummies,,esc_gummies_s0235_01,train
AcouDiet/ai/data/raw/public/gummies/esc_gummies_s0237_00.wav,gummies,,esc_gummies_s0237_00,train
AcouDiet/ai/data/raw/public/gummies/esc_gummies_s0237_01.wav,gummies,,esc_gummies_s0237_01,train
AcouDiet/ai/data/raw/public/gummies/esc_gummies_s0238_00.wav,gummies,,esc_gummies_s0238_00,train
AcouDiet/ai/data/raw/public/gummies/esc_gummies_s0238_01.wav,gummies,,esc_gummies_s0238_01,train
AcouDiet/ai/data/raw/public/gummies/esc_gummies_s0241_00.wav,gummies,,esc_gummies_s0241_00,train
AcouDiet/ai/data/raw/public/gummies/esc_gummies_s0241_01.wav,gummies,,esc_gummies_s0241_01,train
AcouDiet/ai/data/raw/public/gummies/esc_gummies_s0244_00.wav,gummies,,esc_gummies_s0244_00,train
AcouDiet/ai/data/raw/public/gummies/esc_gummies_s0244_01.wav,gummies,,esc_gummies_s0244_01,train
AcouDiet/ai/data/raw/public/gummies/esc_gummies_s0245_00.wav,gummies,,esc_gummies_s0245_00,train
AcouDiet/ai/data/raw/public/gummies/esc_gummies_s0245_01.wav,gummies,,esc_gummies_s0245_01,train
AcouDiet/ai/data/raw/public/gummies/esc_gummies_s0247_00.wav,gummies,,esc_gummies_s0247_00,train
AcouDiet/ai/data/raw/public/gummies/esc_gummies_s0247_01.wav,gummies,,esc_gummies_s0247_01,train
AcouDiet/ai/data/raw/public/gummies/esc_gummies_s0248_00.wav,gummies,,esc_gummies_s0248_00,train
AcouDiet/ai/data/raw/public/gummies/esc_gummies_s0248_01.wav,gummies,,esc_gummies_s0248_01,train
AcouDiet/ai/data/raw/public/gummies/esc_gummies_s0249_00.wav,gummies,,esc_gummies_s0249_00,train
AcouDiet/ai/data/raw/public/gummies/esc_gummies_s0249_01.wav,gummies,,esc_gummies_s0249_01,train
AcouDiet/ai/data/raw/public/gummies/esc_gummies_s0250_00.wav,gummies,,esc_gummies_s0250_00,train
AcouDiet/ai/data/raw/public/gummies/esc_gummies_s0250_01.wav,gummies,,esc_gummies_s0250_01,train
AcouDiet/ai/data/raw/public/gummies/esc_gummies_s0251_00.wav,gummies,,esc_gummies_s0251_00,train
AcouDiet/ai/data/raw/public/gummies/esc_gummies_s0251_01.wav,gummies,,esc_gummies_s0251_01,train
AcouDiet/ai/data/raw/public/gummies/esc_gummies_s0252_00.wav,gummies,,esc_gummies_s0252_00,train
AcouDiet/ai/data/raw/public/gummies/esc_gummies_s0252_01.wav,gummies,,esc_gummies_s0252_01,train
AcouDiet/ai/data/raw/public/gummies/esc_gummies_s0253_00.wav,gummies,,esc_gummies_s0253_00,train
AcouDiet/ai/data/raw/public/gummies/esc_gummies_s0253_01.wav,gummies,,esc_gummies_s0253_01,train
AcouDiet/ai/data/raw/public/gummies/esc_gummies_s0254_00.wav,gummies,,esc_gummies_s0254_00,train
AcouDiet/ai/data/raw/public/gummies/esc_gummies_s0254_01.wav,gummies,,esc_gummies_s0254_01,train
AcouDiet/ai/data/raw/public/gummies/esc_gummies_s0255_00.wav,gummies,,esc_gummies_s0255_00,train
AcouDiet/ai/data/raw/public/gummies/esc_gummies_s0255_01.wav,gummies,,esc_gummies_s0255_01,train
AcouDiet/ai/data/raw/public/gummies/esc_gummies_s0257_00.wav,gummies,,esc_gummies_s0257_00,train
AcouDiet/ai/data/raw/public/gummies/esc_gummies_s0257_01.wav,gummies,,esc_gummies_s0257_01,train
AcouDiet/ai/data/raw/public/gummies/esc_gummies_s0258_00.wav,gummies,,esc_gummies_s0258_00,train
AcouDiet/ai/data/raw/public/gummies/esc_gummies_s0258_01.wav,gummies,,esc_gummies_s0258_01,train
AcouDiet/ai/data/raw/public/gummies/esc_gummies_s0259_00.wav,gummies,,esc_gummies_s0259_00,train
AcouDiet/ai/data/raw/public/gummies/esc_gummies_s0259_01.wav,gummies,,esc_gummies_s0259_01,train
AcouDiet/ai/data/raw/public/noodles/esc_noodles_s0000_00.wav,noodles,,esc_noodles_s0000_00,train
AcouDiet/ai/data/raw/public/noodles/esc_noodles_s0000_01.wav,noodles,,esc_noodles_s0000_01,train
AcouDiet/ai/data/raw/public/noodles/esc_noodles_s0004_00.wav,noodles,,esc_noodles_s0004_00,train
AcouDiet/ai/data/raw/public/noodles/esc_noodles_s0004_01.wav,noodles,,esc_noodles_s0004_01,train
AcouDiet/ai/data/raw/public/noodles/esc_noodles_s0005_00.wav,noodles,,esc_noodles_s0005_00,train
AcouDiet/ai/data/raw/public/noodles/esc_noodles_s0005_01.wav,noodles,,esc_noodles_s0005_01,train
AcouDiet/ai/data/raw/public/noodles/esc_noodles_s0006_00.wav,noodles,,esc_noodles_s0006_00,train
AcouDiet/ai/data/raw/public/noodles/esc_noodles_s0006_01.wav,noodles,,esc_noodles_s0006_01,train
AcouDiet/ai/data/raw/public/noodles/esc_noodles_s0007_00.wav,noodles,,esc_noodles_s0007_00,train
AcouDiet/ai/data/raw/public/noodles/esc_noodles_s0007_01.wav,noodles,,esc_noodles_s0007_01,train
AcouDiet/ai/data/raw/public/noodles/esc_noodles_s0008_00.wav,noodles,,esc_noodles_s0008_00,train
AcouDiet/ai/data/raw/public/noodles/esc_noodles_s0008_01.wav,noodles,,esc_noodles_s0008_01,train
AcouDiet/ai/data/raw/public/noodles/esc_noodles_s0009_00.wav,noodles,,esc_noodles_s0009_00,train
AcouDiet/ai/data/raw/public/noodles/esc_noodles_s0009_01.wav,noodles,,esc_noodles_s0009_01,train
AcouDiet/ai/data/raw/public/noodles/esc_noodles_s0010_00.wav,noodles,,esc_noodles_s0010_00,train
AcouDiet/ai/data/raw/public/noodles/esc_noodles_s0010_01.wav,noodles,,esc_noodles_s0010_01,train
AcouDiet/ai/data/raw/public/noodles/esc_noodles_s0011_00.wav,noodles,,esc_noodles_s0011_00,train
AcouDiet/ai/data/raw/public/noodles/esc_noodles_s0011_01.wav,noodles,,esc_noodles_s0011_01,train
AcouDiet/ai/data/raw/public/noodles/esc_noodles_s0012_00.wav,noodles,,esc_noodles_s0012_00,train
AcouDiet/ai/data/raw/public/noodles/esc_noodles_s0012_01.wav,noodles,,esc_noodles_s0012_01,train
AcouDiet/ai/data/raw/public/noodles/esc_noodles_s0017_00.wav,noodles,,esc_noodles_s0017_00,train
AcouDiet/ai/data/raw/public/noodles/esc_noodles_s0017_01.wav,noodles,,esc_noodles_s0017_01,train
AcouDiet/ai/data/raw/public/noodles/esc_noodles_s0019_00.wav,noodles,,esc_noodles_s0019_00,train
AcouDiet/ai/data/raw/public/noodles/esc_noodles_s0019_01.wav,noodles,,esc_noodles_s0019_01,train
AcouDiet/ai/data/raw/public/noodles/esc_noodles_s0022_00.wav,noodles,,esc_noodles_s0022_00,train
AcouDiet/ai/data/raw/public/noodles/esc_noodles_s0022_01.wav,noodles,,esc_noodles_s0022_01,train
AcouDiet/ai/data/raw/public/noodles/esc_noodles_s0025_00.wav,noodles,,esc_noodles_s0025_00,train
AcouDiet/ai/data/raw/public/noodles/esc_noodles_s0025_01.wav,noodles,,esc_noodles_s0025_01,train
AcouDiet/ai/data/raw/public/noodles/esc_noodles_s0027_00.wav,noodles,,esc_noodles_s0027_00,train
AcouDiet/ai/data/raw/public/noodles/esc_noodles_s0027_01.wav,noodles,,esc_noodles_s0027_01,train
AcouDiet/ai/data/raw/public/noodles/esc_noodles_s0029_00.wav,noodles,,esc_noodles_s0029_00,train
AcouDiet/ai/data/raw/public/noodles/esc_noodles_s0029_01.wav,noodles,,esc_noodles_s0029_01,train
AcouDiet/ai/data/raw/public/noodles/esc_noodles_s0031_00.wav,noodles,,esc_noodles_s0031_00,train
AcouDiet/ai/data/raw/public/noodles/esc_noodles_s0031_01.wav,noodles,,esc_noodles_s0031_01,train
AcouDiet/ai/data/raw/public/noodles/esc_noodles_s0032_00.wav,noodles,,esc_noodles_s0032_00,train
AcouDiet/ai/data/raw/public/noodles/esc_noodles_s0032_01.wav,noodles,,esc_noodles_s0032_01,train
AcouDiet/ai/data/raw/public/noodles/esc_noodles_s0033_00.wav,noodles,,esc_noodles_s0033_00,train
AcouDiet/ai/data/raw/public/noodles/esc_noodles_s0033_01.wav,noodles,,esc_noodles_s0033_01,train
AcouDiet/ai/data/raw/public/noodles/esc_noodles_s0034_00.wav,noodles,,esc_noodles_s0034_00,train
AcouDiet/ai/data/raw/public/noodles/esc_noodles_s0034_01.wav,noodles,,esc_noodles_s0034_01,train
AcouDiet/ai/data/raw/public/noodles/esc_noodles_s0037_00.wav,noodles,,esc_noodles_s0037_00,train
AcouDiet/ai/data/raw/public/noodles/esc_noodles_s0037_01.wav,noodles,,esc_noodles_s0037_01,train
AcouDiet/ai/data/raw/public/noodles/esc_noodles_s0038_00.wav,noodles,,esc_noodles_s0038_00,train
AcouDiet/ai/data/raw/public/noodles/esc_noodles_s0038_01.wav,noodles,,esc_noodles_s0038_01,train
AcouDiet/ai/data/raw/public/noodles/esc_noodles_s0039_00.wav,noodles,,esc_noodles_s0039_00,train
AcouDiet/ai/data/raw/public/noodles/esc_noodles_s0039_01.wav,noodles,,esc_noodles_s0039_01,train
AcouDiet/ai/data/raw/public/noodles/esc_noodles_s0040_00.wav,noodles,,esc_noodles_s0040_00,train
AcouDiet/ai/data/raw/public/noodles/esc_noodles_s0040_01.wav,noodles,,esc_noodles_s0040_01,train
AcouDiet/ai/data/raw/public/noodles/esc_noodles_s0041_00.wav,noodles,,esc_noodles_s0041_00,train
AcouDiet/ai/data/raw/public/noodles/esc_noodles_s0041_01.wav,noodles,,esc_noodles_s0041_01,train
AcouDiet/ai/data/raw/public/noodles/esc_noodles_s0043_00.wav,noodles,,esc_noodles_s0043_00,train
AcouDiet/ai/data/raw/public/noodles/esc_noodles_s0043_01.wav,noodles,,esc_noodles_s0043_01,train
AcouDiet/ai/data/raw/public/noodles/esc_noodles_s0044_00.wav,noodles,,esc_noodles_s0044_00,train
AcouDiet/ai/data/raw/public/noodles/esc_noodles_s0044_01.wav,noodles,,esc_noodles_s0044_01,train
AcouDiet/ai/data/raw/public/noodles/esc_noodles_s0045_00.wav,noodles,,esc_noodles_s0045_00,train
AcouDiet/ai/data/raw/public/noodles/esc_noodles_s0045_01.wav,noodles,,esc_noodles_s0045_01,train
AcouDiet/ai/data/raw/public/noodles/esc_noodles_s0046_00.wav,noodles,,esc_noodles_s0046_00,train
AcouDiet/ai/data/raw/public/noodles/esc_noodles_s0046_01.wav,noodles,,esc_noodles_s0046_01,train
AcouDiet/ai/data/raw/public/noodles/esc_noodles_s0047_00.wav,noodles,,esc_noodles_s0047_00,train
AcouDiet/ai/data/raw/public/noodles/esc_noodles_s0047_01.wav,noodles,,esc_noodles_s0047_01,train
AcouDiet/ai/data/raw/public/noodles/esc_noodles_s0051_00.wav,noodles,,esc_noodles_s0051_00,train
AcouDiet/ai/data/raw/public/noodles/esc_noodles_s0051_01.wav,noodles,,esc_noodles_s0051_01,train
AcouDiet/ai/data/raw/public/noodles/esc_noodles_s0052_00.wav,noodles,,esc_noodles_s0052_00,train
AcouDiet/ai/data/raw/public/noodles/esc_noodles_s0052_01.wav,noodles,,esc_noodles_s0052_01,train
AcouDiet/ai/data/raw/public/noodles/esc_noodles_s0054_00.wav,noodles,,esc_noodles_s0054_00,train
AcouDiet/ai/data/raw/public/noodles/esc_noodles_s0054_01.wav,noodles,,esc_noodles_s0054_01,train
AcouDiet/ai/data/raw/public/noodles/esc_noodles_s0058_00.wav,noodles,,esc_noodles_s0058_00,train
AcouDiet/ai/data/raw/public/noodles/esc_noodles_s0058_01.wav,noodles,,esc_noodles_s0058_01,train
AcouDiet/ai/data/raw/public/noodles/esc_noodles_s0060_00.wav,noodles,,esc_noodles_s0060_00,train
AcouDiet/ai/data/raw/public/noodles/esc_noodles_s0060_01.wav,noodles,,esc_noodles_s0060_01,train
AcouDiet/ai/data/raw/public/noodles/esc_noodles_s0062_00.wav,noodles,,esc_noodles_s0062_00,train
AcouDiet/ai/data/raw/public/noodles/esc_noodles_s0062_01.wav,noodles,,esc_noodles_s0062_01,train
AcouDiet/ai/data/raw/public/noodles/esc_noodles_s0063_00.wav,noodles,,esc_noodles_s0063_00,train
AcouDiet/ai/data/raw/public/noodles/esc_noodles_s0063_01.wav,noodles,,esc_noodles_s0063_01,train
AcouDiet/ai/data/raw/public/noodles/esc_noodles_s0065_00.wav,noodles,,esc_noodles_s0065_00,train
AcouDiet/ai/data/raw/public/noodles/esc_noodles_s0065_01.wav,noodles,,esc_noodles_s0065_01,train
AcouDiet/ai/data/raw/public/noodles/esc_noodles_s0066_00.wav,noodles,,esc_noodles_s0066_00,train
AcouDiet/ai/data/raw/public/noodles/esc_noodles_s0066_01.wav,noodles,,esc_noodles_s0066_01,train
AcouDiet/ai/data/raw/public/noodles/esc_noodles_s0068_00.wav,noodles,,esc_noodles_s0068_00,train
AcouDiet/ai/data/raw/public/noodles/esc_noodles_s0068_01.wav,noodles,,esc_noodles_s0068_01,train
AcouDiet/ai/data/raw/public/noodles/esc_noodles_s0070_00.wav,noodles,,esc_noodles_s0070_00,train
AcouDiet/ai/data/raw/public/noodles/esc_noodles_s0070_01.wav,noodles,,esc_noodles_s0070_01,train
AcouDiet/ai/data/raw/public/noodles/esc_noodles_s0071_00.wav,noodles,,esc_noodles_s0071_00,train
AcouDiet/ai/data/raw/public/noodles/esc_noodles_s0071_01.wav,noodles,,esc_noodles_s0071_01,train
AcouDiet/ai/data/raw/public/noodles/esc_noodles_s0073_00.wav,noodles,,esc_noodles_s0073_00,train
AcouDiet/ai/data/raw/public/noodles/esc_noodles_s0073_01.wav,noodles,,esc_noodles_s0073_01,train
AcouDiet/ai/data/raw/public/noodles/esc_noodles_s0077_00.wav,noodles,,esc_noodles_s0077_00,train
AcouDiet/ai/data/raw/public/noodles/esc_noodles_s0077_01.wav,noodles,,esc_noodles_s0077_01,train
AcouDiet/ai/data/raw/public/noodles/esc_noodles_s0078_00.wav,noodles,,esc_noodles_s0078_00,train
AcouDiet/ai/data/raw/public/noodles/esc_noodles_s0078_01.wav,noodles,,esc_noodles_s0078_01,train
AcouDiet/ai/data/raw/public/noodles/esc_noodles_s0079_00.wav,noodles,,esc_noodles_s0079_00,train
AcouDiet/ai/data/raw/public/noodles/esc_noodles_s0079_01.wav,noodles,,esc_noodles_s0079_01,train
AcouDiet/ai/data/raw/public/noodles/esc_noodles_s0081_00.wav,noodles,,esc_noodles_s0081_00,train
AcouDiet/ai/data/raw/public/noodles/esc_noodles_s0081_01.wav,noodles,,esc_noodles_s0081_01,train
AcouDiet/ai/data/raw/public/noodles/esc_noodles_s0082_00.wav,noodles,,esc_noodles_s0082_00,train
AcouDiet/ai/data/raw/public/noodles/esc_noodles_s0082_01.wav,noodles,,esc_noodles_s0082_01,train
AcouDiet/ai/data/raw/public/noodles/esc_noodles_s0083_00.wav,noodles,,esc_noodles_s0083_00,train
AcouDiet/ai/data/raw/public/noodles/esc_noodles_s0083_01.wav,noodles,,esc_noodles_s0083_01,train
AcouDiet/ai/data/raw/public/noodles/esc_noodles_s0084_00.wav,noodles,,esc_noodles_s0084_00,train
AcouDiet/ai/data/raw/public/noodles/esc_noodles_s0084_01.wav,noodles,,esc_noodles_s0084_01,train
AcouDiet/ai/data/raw/public/noodles/esc_noodles_s0085_00.wav,noodles,,esc_noodles_s0085_00,train
AcouDiet/ai/data/raw/public/noodles/esc_noodles_s0085_01.wav,noodles,,esc_noodles_s0085_01,train
AcouDiet/ai/data/raw/public/noodles/esc_noodles_s0086_00.wav,noodles,,esc_noodles_s0086_00,train
AcouDiet/ai/data/raw/public/noodles/esc_noodles_s0086_01.wav,noodles,,esc_noodles_s0086_01,train
AcouDiet/ai/data/raw/public/noodles/esc_noodles_s0087_00.wav,noodles,,esc_noodles_s0087_00,train
AcouDiet/ai/data/raw/public/noodles/esc_noodles_s0087_01.wav,noodles,,esc_noodles_s0087_01,train
AcouDiet/ai/data/raw/public/noodles/esc_noodles_s0088_00.wav,noodles,,esc_noodles_s0088_00,train
AcouDiet/ai/data/raw/public/noodles/esc_noodles_s0088_01.wav,noodles,,esc_noodles_s0088_01,train
AcouDiet/ai/data/raw/public/noodles/esc_noodles_s0090_00.wav,noodles,,esc_noodles_s0090_00,train
AcouDiet/ai/data/raw/public/noodles/esc_noodles_s0090_01.wav,noodles,,esc_noodles_s0090_01,train
AcouDiet/ai/data/raw/public/noodles/esc_noodles_s0092_00.wav,noodles,,esc_noodles_s0092_00,train
AcouDiet/ai/data/raw/public/noodles/esc_noodles_s0092_01.wav,noodles,,esc_noodles_s0092_01,train
AcouDiet/ai/data/raw/public/noodles/esc_noodles_s0093_00.wav,noodles,,esc_noodles_s0093_00,train
AcouDiet/ai/data/raw/public/noodles/esc_noodles_s0093_01.wav,noodles,,esc_noodles_s0093_01,train
AcouDiet/ai/data/raw/public/noodles/esc_noodles_s0094_00.wav,noodles,,esc_noodles_s0094_00,train
AcouDiet/ai/data/raw/public/noodles/esc_noodles_s0094_01.wav,noodles,,esc_noodles_s0094_01,train
AcouDiet/ai/data/raw/public/noodles/esc_noodles_s0095_00.wav,noodles,,esc_noodles_s0095_00,train
AcouDiet/ai/data/raw/public/noodles/esc_noodles_s0095_01.wav,noodles,,esc_noodles_s0095_01,train
AcouDiet/ai/data/raw/public/noodles/esc_noodles_s0096_00.wav,noodles,,esc_noodles_s0096_00,train
AcouDiet/ai/data/raw/public/noodles/esc_noodles_s0096_01.wav,noodles,,esc_noodles_s0096_01,train
AcouDiet/ai/data/raw/public/noodles/esc_noodles_s0097_00.wav,noodles,,esc_noodles_s0097_00,train
AcouDiet/ai/data/raw/public/noodles/esc_noodles_s0097_01.wav,noodles,,esc_noodles_s0097_01,train
AcouDiet/ai/data/raw/public/noodles/esc_noodles_s0099_00.wav,noodles,,esc_noodles_s0099_00,train
AcouDiet/ai/data/raw/public/noodles/esc_noodles_s0099_01.wav,noodles,,esc_noodles_s0099_01,train
AcouDiet/ai/data/raw/public/noodles/esc_noodles_s0100_00.wav,noodles,,esc_noodles_s0100_00,train
AcouDiet/ai/data/raw/public/noodles/esc_noodles_s0100_01.wav,noodles,,esc_noodles_s0100_01,train
AcouDiet/ai/data/raw/public/noodles/esc_noodles_s0101_00.wav,noodles,,esc_noodles_s0101_00,train
AcouDiet/ai/data/raw/public/noodles/esc_noodles_s0101_01.wav,noodles,,esc_noodles_s0101_01,train
AcouDiet/ai/data/raw/public/noodles/esc_noodles_s0102_00.wav,noodles,,esc_noodles_s0102_00,train
AcouDiet/ai/data/raw/public/noodles/esc_noodles_s0102_01.wav,noodles,,esc_noodles_s0102_01,train
AcouDiet/ai/data/raw/public/noodles/esc_noodles_s0103_00.wav,noodles,,esc_noodles_s0103_00,train
AcouDiet/ai/data/raw/public/noodles/esc_noodles_s0103_01.wav,noodles,,esc_noodles_s0103_01,train
AcouDiet/ai/data/raw/public/noodles/esc_noodles_s0104_00.wav,noodles,,esc_noodles_s0104_00,train
AcouDiet/ai/data/raw/public/noodles/esc_noodles_s0104_01.wav,noodles,,esc_noodles_s0104_01,train
AcouDiet/ai/data/raw/public/noodles/esc_noodles_s0105_00.wav,noodles,,esc_noodles_s0105_00,train
AcouDiet/ai/data/raw/public/noodles/esc_noodles_s0105_01.wav,noodles,,esc_noodles_s0105_01,train
AcouDiet/ai/data/raw/public/noodles/esc_noodles_s0106_00.wav,noodles,,esc_noodles_s0106_00,train
AcouDiet/ai/data/raw/public/noodles/esc_noodles_s0106_01.wav,noodles,,esc_noodles_s0106_01,train
AcouDiet/ai/data/raw/public/noodles/esc_noodles_s0107_00.wav,noodles,,esc_noodles_s0107_00,train
AcouDiet/ai/data/raw/public/noodles/esc_noodles_s0107_01.wav,noodles,,esc_noodles_s0107_01,train
AcouDiet/ai/data/raw/public/noodles/esc_noodles_s0109_00.wav,noodles,,esc_noodles_s0109_00,train
AcouDiet/ai/data/raw/public/noodles/esc_noodles_s0109_01.wav,noodles,,esc_noodles_s0109_01,train
AcouDiet/ai/data/raw/public/noodles/esc_noodles_s0110_00.wav,noodles,,esc_noodles_s0110_00,train
AcouDiet/ai/data/raw/public/noodles/esc_noodles_s0110_01.wav,noodles,,esc_noodles_s0110_01,train
AcouDiet/ai/data/raw/public/noodles/esc_noodles_s0111_00.wav,noodles,,esc_noodles_s0111_00,train
AcouDiet/ai/data/raw/public/noodles/esc_noodles_s0111_01.wav,noodles,,esc_noodles_s0111_01,train
AcouDiet/ai/data/raw/public/noodles/esc_noodles_s0114_00.wav,noodles,,esc_noodles_s0114_00,train
AcouDiet/ai/data/raw/public/noodles/esc_noodles_s0114_01.wav,noodles,,esc_noodles_s0114_01,train
AcouDiet/ai/data/raw/public/noodles/esc_noodles_s0115_00.wav,noodles,,esc_noodles_s0115_00,train
AcouDiet/ai/data/raw/public/noodles/esc_noodles_s0115_01.wav,noodles,,esc_noodles_s0115_01,train
AcouDiet/ai/data/raw/public/noodles/esc_noodles_s0117_00.wav,noodles,,esc_noodles_s0117_00,train
AcouDiet/ai/data/raw/public/noodles/esc_noodles_s0117_01.wav,noodles,,esc_noodles_s0117_01,train
AcouDiet/ai/data/raw/public/noodles/esc_noodles_s0118_00.wav,noodles,,esc_noodles_s0118_00,train
AcouDiet/ai/data/raw/public/noodles/esc_noodles_s0118_01.wav,noodles,,esc_noodles_s0118_01,train
AcouDiet/ai/data/raw/public/noodles/esc_noodles_s0119_00.wav,noodles,,esc_noodles_s0119_00,train
AcouDiet/ai/data/raw/public/noodles/esc_noodles_s0119_01.wav,noodles,,esc_noodles_s0119_01,train
AcouDiet/ai/data/raw/public/noodles/esc_noodles_s0120_00.wav,noodles,,esc_noodles_s0120_00,train
AcouDiet/ai/data/raw/public/noodles/esc_noodles_s0120_01.wav,noodles,,esc_noodles_s0120_01,train
AcouDiet/ai/data/raw/public/noodles/esc_noodles_s0122_00.wav,noodles,,esc_noodles_s0122_00,train
AcouDiet/ai/data/raw/public/noodles/esc_noodles_s0122_01.wav,noodles,,esc_noodles_s0122_01,train
AcouDiet/ai/data/raw/public/noodles/esc_noodles_s0123_00.wav,noodles,,esc_noodles_s0123_00,train
AcouDiet/ai/data/raw/public/noodles/esc_noodles_s0123_01.wav,noodles,,esc_noodles_s0123_01,train
AcouDiet/ai/data/raw/public/noodles/esc_noodles_s0125_00.wav,noodles,,esc_noodles_s0125_00,train
AcouDiet/ai/data/raw/public/noodles/esc_noodles_s0125_01.wav,noodles,,esc_noodles_s0125_01,train
AcouDiet/ai/data/raw/public/noodles/esc_noodles_s0126_00.wav,noodles,,esc_noodles_s0126_00,train
AcouDiet/ai/data/raw/public/noodles/esc_noodles_s0126_01.wav,noodles,,esc_noodles_s0126_01,train
AcouDiet/ai/data/raw/public/noodles/esc_noodles_s0127_00.wav,noodles,,esc_noodles_s0127_00,train
AcouDiet/ai/data/raw/public/noodles/esc_noodles_s0127_01.wav,noodles,,esc_noodles_s0127_01,train
AcouDiet/ai/data/raw/public/noodles/esc_noodles_s0128_00.wav,noodles,,esc_noodles_s0128_00,train
AcouDiet/ai/data/raw/public/noodles/esc_noodles_s0128_01.wav,noodles,,esc_noodles_s0128_01,train
AcouDiet/ai/data/raw/public/noodles/esc_noodles_s0129_00.wav,noodles,,esc_noodles_s0129_00,train
AcouDiet/ai/data/raw/public/noodles/esc_noodles_s0129_01.wav,noodles,,esc_noodles_s0129_01,train
AcouDiet/ai/data/raw/public/noodles/esc_noodles_s0130_00.wav,noodles,,esc_noodles_s0130_00,train
AcouDiet/ai/data/raw/public/noodles/esc_noodles_s0130_01.wav,noodles,,esc_noodles_s0130_01,train
AcouDiet/ai/data/raw/public/noodles/esc_noodles_s0131_00.wav,noodles,,esc_noodles_s0131_00,train
AcouDiet/ai/data/raw/public/noodles/esc_noodles_s0131_01.wav,noodles,,esc_noodles_s0131_01,train
AcouDiet/ai/data/raw/public/noodles/esc_noodles_s0132_00.wav,noodles,,esc_noodles_s0132_00,train
AcouDiet/ai/data/raw/public/noodles/esc_noodles_s0132_01.wav,noodles,,esc_noodles_s0132_01,train
AcouDiet/ai/data/raw/public/noodles/esc_noodles_s0133_00.wav,noodles,,esc_noodles_s0133_00,train
AcouDiet/ai/data/raw/public/noodles/esc_noodles_s0133_01.wav,noodles,,esc_noodles_s0133_01,train
AcouDiet/ai/data/raw/public/noodles/esc_noodles_s0134_00.wav,noodles,,esc_noodles_s0134_00,train
AcouDiet/ai/data/raw/public/noodles/esc_noodles_s0134_01.wav,noodles,,esc_noodles_s0134_01,train
AcouDiet/ai/data/raw/public/noodles/esc_noodles_s0135_00.wav,noodles,,esc_noodles_s0135_00,train
AcouDiet/ai/data/raw/public/noodles/esc_noodles_s0135_01.wav,noodles,,esc_noodles_s0135_01,train
AcouDiet/ai/data/raw/public/noodles/esc_noodles_s0137_00.wav,noodles,,esc_noodles_s0137_00,train
AcouDiet/ai/data/raw/public/noodles/esc_noodles_s0137_01.wav,noodles,,esc_noodles_s0137_01,train
AcouDiet/ai/data/raw/public/noodles/esc_noodles_s0138_00.wav,noodles,,esc_noodles_s0138_00,train
AcouDiet/ai/data/raw/public/noodles/esc_noodles_s0138_01.wav,noodles,,esc_noodles_s0138_01,train
AcouDiet/ai/data/raw/public/noodles/esc_noodles_s0139_00.wav,noodles,,esc_noodles_s0139_00,train
AcouDiet/ai/data/raw/public/noodles/esc_noodles_s0139_01.wav,noodles,,esc_noodles_s0139_01,train
AcouDiet/ai/data/raw/public/noodles/esc_noodles_s0141_00.wav,noodles,,esc_noodles_s0141_00,train
AcouDiet/ai/data/raw/public/noodles/esc_noodles_s0141_01.wav,noodles,,esc_noodles_s0141_01,train
AcouDiet/ai/data/raw/public/noodles/esc_noodles_s0142_00.wav,noodles,,esc_noodles_s0142_00,train
AcouDiet/ai/data/raw/public/noodles/esc_noodles_s0142_01.wav,noodles,,esc_noodles_s0142_01,train
AcouDiet/ai/data/raw/public/noodles/esc_noodles_s0143_00.wav,noodles,,esc_noodles_s0143_00,train
AcouDiet/ai/data/raw/public/noodles/esc_noodles_s0143_01.wav,noodles,,esc_noodles_s0143_01,train
AcouDiet/ai/data/raw/public/noodles/esc_noodles_s0144_00.wav,noodles,,esc_noodles_s0144_00,train
AcouDiet/ai/data/raw/public/noodles/esc_noodles_s0144_01.wav,noodles,,esc_noodles_s0144_01,train
AcouDiet/ai/data/raw/public/noodles/esc_noodles_s0145_00.wav,noodles,,esc_noodles_s0145_00,train
AcouDiet/ai/data/raw/public/noodles/esc_noodles_s0145_01.wav,noodles,,esc_noodles_s0145_01,train
AcouDiet/ai/data/raw/public/noodles/esc_noodles_s0146_00.wav,noodles,,esc_noodles_s0146_00,train
AcouDiet/ai/data/raw/public/noodles/esc_noodles_s0146_01.wav,noodles,,esc_noodles_s0146_01,train
AcouDiet/ai/data/raw/public/noodles/esc_noodles_s0148_00.wav,noodles,,esc_noodles_s0148_00,train
AcouDiet/ai/data/raw/public/noodles/esc_noodles_s0148_01.wav,noodles,,esc_noodles_s0148_01,train
AcouDiet/ai/data/raw/public/noodles/esc_noodles_s0149_00.wav,noodles,,esc_noodles_s0149_00,train
AcouDiet/ai/data/raw/public/noodles/esc_noodles_s0149_01.wav,noodles,,esc_noodles_s0149_01,train
AcouDiet/ai/data/raw/public/noodles/esc_noodles_s0150_00.wav,noodles,,esc_noodles_s0150_00,train
AcouDiet/ai/data/raw/public/noodles/esc_noodles_s0150_01.wav,noodles,,esc_noodles_s0150_01,train
AcouDiet/ai/data/raw/public/noodles/esc_noodles_s0151_00.wav,noodles,,esc_noodles_s0151_00,train
AcouDiet/ai/data/raw/public/noodles/esc_noodles_s0151_01.wav,noodles,,esc_noodles_s0151_01,train
AcouDiet/ai/data/raw/public/noodles/esc_noodles_s0153_00.wav,noodles,,esc_noodles_s0153_00,train
AcouDiet/ai/data/raw/public/noodles/esc_noodles_s0153_01.wav,noodles,,esc_noodles_s0153_01,train
AcouDiet/ai/data/raw/public/noodles/esc_noodles_s0154_00.wav,noodles,,esc_noodles_s0154_00,train
AcouDiet/ai/data/raw/public/noodles/esc_noodles_s0154_01.wav,noodles,,esc_noodles_s0154_01,train
AcouDiet/ai/data/raw/public/noodles/esc_noodles_s0157_00.wav,noodles,,esc_noodles_s0157_00,train
AcouDiet/ai/data/raw/public/noodles/esc_noodles_s0157_01.wav,noodles,,esc_noodles_s0157_01,train
AcouDiet/ai/data/raw/public/noodles/esc_noodles_s0158_00.wav,noodles,,esc_noodles_s0158_00,train
AcouDiet/ai/data/raw/public/noodles/esc_noodles_s0158_01.wav,noodles,,esc_noodles_s0158_01,train
AcouDiet/ai/data/raw/public/noodles/esc_noodles_s0159_00.wav,noodles,,esc_noodles_s0159_00,train
AcouDiet/ai/data/raw/public/noodles/esc_noodles_s0159_01.wav,noodles,,esc_noodles_s0159_01,train
AcouDiet/ai/data/raw/public/noodles/esc_noodles_s0160_00.wav,noodles,,esc_noodles_s0160_00,train
AcouDiet/ai/data/raw/public/noodles/esc_noodles_s0160_01.wav,noodles,,esc_noodles_s0160_01,train
AcouDiet/ai/data/raw/public/noodles/esc_noodles_s0161_00.wav,noodles,,esc_noodles_s0161_00,train
AcouDiet/ai/data/raw/public/noodles/esc_noodles_s0161_01.wav,noodles,,esc_noodles_s0161_01,train
AcouDiet/ai/data/raw/public/noodles/esc_noodles_s0162_00.wav,noodles,,esc_noodles_s0162_00,train
AcouDiet/ai/data/raw/public/noodles/esc_noodles_s0162_01.wav,noodles,,esc_noodles_s0162_01,train
AcouDiet/ai/data/raw/public/noodles/esc_noodles_s0163_00.wav,noodles,,esc_noodles_s0163_00,train
AcouDiet/ai/data/raw/public/noodles/esc_noodles_s0163_01.wav,noodles,,esc_noodles_s0163_01,train
AcouDiet/ai/data/raw/public/noodles/esc_noodles_s0165_00.wav,noodles,,esc_noodles_s0165_00,train
AcouDiet/ai/data/raw/public/noodles/esc_noodles_s0165_01.wav,noodles,,esc_noodles_s0165_01,train
AcouDiet/ai/data/raw/public/noodles/esc_noodles_s0167_00.wav,noodles,,esc_noodles_s0167_00,train
AcouDiet/ai/data/raw/public/noodles/esc_noodles_s0167_01.wav,noodles,,esc_noodles_s0167_01,train
AcouDiet/ai/data/raw/public/noodles/esc_noodles_s0168_00.wav,noodles,,esc_noodles_s0168_00,train
AcouDiet/ai/data/raw/public/noodles/esc_noodles_s0168_01.wav,noodles,,esc_noodles_s0168_01,train
AcouDiet/ai/data/raw/public/noodles/esc_noodles_s0169_00.wav,noodles,,esc_noodles_s0169_00,train
AcouDiet/ai/data/raw/public/noodles/esc_noodles_s0169_01.wav,noodles,,esc_noodles_s0169_01,train
AcouDiet/ai/data/raw/public/noodles/esc_noodles_s0172_00.wav,noodles,,esc_noodles_s0172_00,train
AcouDiet/ai/data/raw/public/noodles/esc_noodles_s0172_01.wav,noodles,,esc_noodles_s0172_01,train
AcouDiet/ai/data/raw/public/noodles/esc_noodles_s0173_00.wav,noodles,,esc_noodles_s0173_00,train
AcouDiet/ai/data/raw/public/noodles/esc_noodles_s0173_01.wav,noodles,,esc_noodles_s0173_01,train
AcouDiet/ai/data/raw/public/noodles/esc_noodles_s0174_00.wav,noodles,,esc_noodles_s0174_00,train
AcouDiet/ai/data/raw/public/noodles/esc_noodles_s0174_01.wav,noodles,,esc_noodles_s0174_01,train
AcouDiet/ai/data/raw/public/noodles/esc_noodles_s0176_00.wav,noodles,,esc_noodles_s0176_00,train
AcouDiet/ai/data/raw/public/noodles/esc_noodles_s0176_01.wav,noodles,,esc_noodles_s0176_01,train
AcouDiet/ai/data/raw/public/noodles/esc_noodles_s0177_00.wav,noodles,,esc_noodles_s0177_00,train
AcouDiet/ai/data/raw/public/noodles/esc_noodles_s0177_01.wav,noodles,,esc_noodles_s0177_01,train
AcouDiet/ai/data/raw/public/noodles/esc_noodles_s0178_00.wav,noodles,,esc_noodles_s0178_00,train
AcouDiet/ai/data/raw/public/noodles/esc_noodles_s0178_01.wav,noodles,,esc_noodles_s0178_01,train
AcouDiet/ai/data/raw/public/noodles/esc_noodles_s0179_00.wav,noodles,,esc_noodles_s0179_00,train
AcouDiet/ai/data/raw/public/noodles/esc_noodles_s0179_01.wav,noodles,,esc_noodles_s0179_01,train
AcouDiet/ai/data/raw/public/noodles/esc_noodles_s0181_00.wav,noodles,,esc_noodles_s0181_00,train
AcouDiet/ai/data/raw/public/noodles/esc_noodles_s0181_01.wav,noodles,,esc_noodles_s0181_01,train
AcouDiet/ai/data/raw/public/noodles/esc_noodles_s0182_00.wav,noodles,,esc_noodles_s0182_00,train
AcouDiet/ai/data/raw/public/noodles/esc_noodles_s0182_01.wav,noodles,,esc_noodles_s0182_01,train
AcouDiet/ai/data/raw/public/noodles/esc_noodles_s0184_00.wav,noodles,,esc_noodles_s0184_00,train
AcouDiet/ai/data/raw/public/noodles/esc_noodles_s0184_01.wav,noodles,,esc_noodles_s0184_01,train
AcouDiet/ai/data/raw/public/noodles/esc_noodles_s0185_00.wav,noodles,,esc_noodles_s0185_00,train
AcouDiet/ai/data/raw/public/noodles/esc_noodles_s0185_01.wav,noodles,,esc_noodles_s0185_01,train
AcouDiet/ai/data/raw/public/noodles/esc_noodles_s0186_00.wav,noodles,,esc_noodles_s0186_00,train
AcouDiet/ai/data/raw/public/noodles/esc_noodles_s0186_01.wav,noodles,,esc_noodles_s0186_01,train
AcouDiet/ai/data/raw/public/noodles/esc_noodles_s0187_00.wav,noodles,,esc_noodles_s0187_00,train
AcouDiet/ai/data/raw/public/noodles/esc_noodles_s0187_01.wav,noodles,,esc_noodles_s0187_01,train
AcouDiet/ai/data/raw/public/noodles/esc_noodles_s0188_00.wav,noodles,,esc_noodles_s0188_00,train
AcouDiet/ai/data/raw/public/noodles/esc_noodles_s0188_01.wav,noodles,,esc_noodles_s0188_01,train
AcouDiet/ai/data/raw/public/noodles/esc_noodles_s0189_00.wav,noodles,,esc_noodles_s0189_00,train
AcouDiet/ai/data/raw/public/noodles/esc_noodles_s0189_01.wav,noodles,,esc_noodles_s0189_01,train
AcouDiet/ai/data/raw/public/noodles/esc_noodles_s0190_00.wav,noodles,,esc_noodles_s0190_00,train
AcouDiet/ai/data/raw/public/noodles/esc_noodles_s0190_01.wav,noodles,,esc_noodles_s0190_01,train
AcouDiet/ai/data/raw/public/noodles/esc_noodles_s0191_00.wav,noodles,,esc_noodles_s0191_00,train
AcouDiet/ai/data/raw/public/noodles/esc_noodles_s0191_01.wav,noodles,,esc_noodles_s0191_01,train
AcouDiet/ai/data/raw/public/noodles/esc_noodles_s0192_00.wav,noodles,,esc_noodles_s0192_00,train
AcouDiet/ai/data/raw/public/noodles/esc_noodles_s0192_01.wav,noodles,,esc_noodles_s0192_01,train
AcouDiet/ai/data/raw/public/noodles/esc_noodles_s0194_00.wav,noodles,,esc_noodles_s0194_00,train
AcouDiet/ai/data/raw/public/noodles/esc_noodles_s0194_01.wav,noodles,,esc_noodles_s0194_01,train
AcouDiet/ai/data/raw/public/noodles/esc_noodles_s0195_00.wav,noodles,,esc_noodles_s0195_00,train
AcouDiet/ai/data/raw/public/noodles/esc_noodles_s0195_01.wav,noodles,,esc_noodles_s0195_01,train
AcouDiet/ai/data/raw/public/noodles/esc_noodles_s0197_00.wav,noodles,,esc_noodles_s0197_00,train
AcouDiet/ai/data/raw/public/noodles/esc_noodles_s0197_01.wav,noodles,,esc_noodles_s0197_01,train
AcouDiet/ai/data/raw/public/noodles/esc_noodles_s0198_00.wav,noodles,,esc_noodles_s0198_00,train
AcouDiet/ai/data/raw/public/noodles/esc_noodles_s0198_01.wav,noodles,,esc_noodles_s0198_01,train
AcouDiet/ai/data/raw/public/noodles/esc_noodles_s0199_00.wav,noodles,,esc_noodles_s0199_00,train
AcouDiet/ai/data/raw/public/noodles/esc_noodles_s0199_01.wav,noodles,,esc_noodles_s0199_01,train
AcouDiet/ai/data/raw/public/noodles/esc_noodles_s0200_00.wav,noodles,,esc_noodles_s0200_00,train
AcouDiet/ai/data/raw/public/noodles/esc_noodles_s0200_01.wav,noodles,,esc_noodles_s0200_01,train
AcouDiet/ai/data/raw/public/noodles/esc_noodles_s0201_00.wav,noodles,,esc_noodles_s0201_00,train
AcouDiet/ai/data/raw/public/noodles/esc_noodles_s0201_01.wav,noodles,,esc_noodles_s0201_01,train
AcouDiet/ai/data/raw/public/noodles/esc_noodles_s0202_00.wav,noodles,,esc_noodles_s0202_00,train
AcouDiet/ai/data/raw/public/noodles/esc_noodles_s0202_01.wav,noodles,,esc_noodles_s0202_01,train
AcouDiet/ai/data/raw/public/noodles/esc_noodles_s0204_00.wav,noodles,,esc_noodles_s0204_00,train
AcouDiet/ai/data/raw/public/noodles/esc_noodles_s0204_01.wav,noodles,,esc_noodles_s0204_01,train
AcouDiet/ai/data/raw/public/noodles/esc_noodles_s0205_00.wav,noodles,,esc_noodles_s0205_00,train
AcouDiet/ai/data/raw/public/noodles/esc_noodles_s0205_01.wav,noodles,,esc_noodles_s0205_01,train
AcouDiet/ai/data/raw/public/noodles/esc_noodles_s0206_00.wav,noodles,,esc_noodles_s0206_00,train
AcouDiet/ai/data/raw/public/noodles/esc_noodles_s0206_01.wav,noodles,,esc_noodles_s0206_01,train
AcouDiet/ai/data/raw/public/noodles/esc_noodles_s0207_00.wav,noodles,,esc_noodles_s0207_00,train
AcouDiet/ai/data/raw/public/noodles/esc_noodles_s0207_01.wav,noodles,,esc_noodles_s0207_01,train
AcouDiet/ai/data/raw/public/noodles/esc_noodles_s0208_00.wav,noodles,,esc_noodles_s0208_00,train
AcouDiet/ai/data/raw/public/noodles/esc_noodles_s0208_01.wav,noodles,,esc_noodles_s0208_01,train
AcouDiet/ai/data/raw/public/noodles/esc_noodles_s0209_00.wav,noodles,,esc_noodles_s0209_00,train
AcouDiet/ai/data/raw/public/noodles/esc_noodles_s0209_01.wav,noodles,,esc_noodles_s0209_01,train
AcouDiet/ai/data/raw/public/noodles/esc_noodles_s0210_00.wav,noodles,,esc_noodles_s0210_00,train
AcouDiet/ai/data/raw/public/noodles/esc_noodles_s0210_01.wav,noodles,,esc_noodles_s0210_01,train
AcouDiet/ai/data/raw/public/noodles/esc_noodles_s0212_00.wav,noodles,,esc_noodles_s0212_00,train
AcouDiet/ai/data/raw/public/noodles/esc_noodles_s0212_01.wav,noodles,,esc_noodles_s0212_01,train
AcouDiet/ai/data/raw/public/noodles/esc_noodles_s0214_00.wav,noodles,,esc_noodles_s0214_00,train
AcouDiet/ai/data/raw/public/noodles/esc_noodles_s0214_01.wav,noodles,,esc_noodles_s0214_01,train
AcouDiet/ai/data/raw/public/noodles/esc_noodles_s0216_00.wav,noodles,,esc_noodles_s0216_00,train
AcouDiet/ai/data/raw/public/noodles/esc_noodles_s0216_01.wav,noodles,,esc_noodles_s0216_01,train
AcouDiet/ai/data/raw/public/noodles/esc_noodles_s0217_00.wav,noodles,,esc_noodles_s0217_00,train
AcouDiet/ai/data/raw/public/noodles/esc_noodles_s0217_01.wav,noodles,,esc_noodles_s0217_01,train
AcouDiet/ai/data/raw/public/noodles/esc_noodles_s0218_00.wav,noodles,,esc_noodles_s0218_00,train
AcouDiet/ai/data/raw/public/noodles/esc_noodles_s0218_01.wav,noodles,,esc_noodles_s0218_01,train
AcouDiet/ai/data/raw/public/noodles/esc_noodles_s0221_00.wav,noodles,,esc_noodles_s0221_00,train
AcouDiet/ai/data/raw/public/noodles/esc_noodles_s0221_01.wav,noodles,,esc_noodles_s0221_01,train
AcouDiet/ai/data/raw/public/noodles/esc_noodles_s0223_00.wav,noodles,,esc_noodles_s0223_00,train
AcouDiet/ai/data/raw/public/noodles/esc_noodles_s0223_01.wav,noodles,,esc_noodles_s0223_01,train
AcouDiet/ai/data/raw/public/noodles/esc_noodles_s0226_00.wav,noodles,,esc_noodles_s0226_00,train
AcouDiet/ai/data/raw/public/noodles/esc_noodles_s0226_01.wav,noodles,,esc_noodles_s0226_01,train
AcouDiet/ai/data/raw/public/noodles/esc_noodles_s0227_00.wav,noodles,,esc_noodles_s0227_00,train
AcouDiet/ai/data/raw/public/noodles/esc_noodles_s0227_01.wav,noodles,,esc_noodles_s0227_01,train
AcouDiet/ai/data/raw/public/noodles/esc_noodles_s0228_00.wav,noodles,,esc_noodles_s0228_00,train
AcouDiet/ai/data/raw/public/noodles/esc_noodles_s0228_01.wav,noodles,,esc_noodles_s0228_01,train
AcouDiet/ai/data/raw/public/noodles/esc_noodles_s0229_00.wav,noodles,,esc_noodles_s0229_00,train
AcouDiet/ai/data/raw/public/noodles/esc_noodles_s0229_01.wav,noodles,,esc_noodles_s0229_01,train
AcouDiet/ai/data/raw/public/noodles/esc_noodles_s0230_00.wav,noodles,,esc_noodles_s0230_00,train
AcouDiet/ai/data/raw/public/noodles/esc_noodles_s0230_01.wav,noodles,,esc_noodles_s0230_01,train
AcouDiet/ai/data/raw/public/noodles/esc_noodles_s0231_00.wav,noodles,,esc_noodles_s0231_00,train
AcouDiet/ai/data/raw/public/noodles/esc_noodles_s0231_01.wav,noodles,,esc_noodles_s0231_01,train
AcouDiet/ai/data/raw/public/noodles/esc_noodles_s0232_00.wav,noodles,,esc_noodles_s0232_00,train
AcouDiet/ai/data/raw/public/noodles/esc_noodles_s0232_01.wav,noodles,,esc_noodles_s0232_01,train
AcouDiet/ai/data/raw/public/noodles/esc_noodles_s0233_00.wav,noodles,,esc_noodles_s0233_00,train
AcouDiet/ai/data/raw/public/noodles/esc_noodles_s0233_01.wav,noodles,,esc_noodles_s0233_01,train
AcouDiet/ai/data/raw/public/noodles/esc_noodles_s0234_00.wav,noodles,,esc_noodles_s0234_00,train
AcouDiet/ai/data/raw/public/noodles/esc_noodles_s0234_01.wav,noodles,,esc_noodles_s0234_01,train
AcouDiet/ai/data/raw/public/noodles/esc_noodles_s0236_00.wav,noodles,,esc_noodles_s0236_00,train
AcouDiet/ai/data/raw/public/noodles/esc_noodles_s0236_01.wav,noodles,,esc_noodles_s0236_01,train
AcouDiet/ai/data/raw/public/noodles/esc_noodles_s0237_00.wav,noodles,,esc_noodles_s0237_00,train
AcouDiet/ai/data/raw/public/noodles/esc_noodles_s0237_01.wav,noodles,,esc_noodles_s0237_01,train
AcouDiet/ai/data/raw/public/noodles/esc_noodles_s0238_00.wav,noodles,,esc_noodles_s0238_00,train
AcouDiet/ai/data/raw/public/noodles/esc_noodles_s0238_01.wav,noodles,,esc_noodles_s0238_01,train
AcouDiet/ai/data/raw/public/noodles/esc_noodles_s0240_00.wav,noodles,,esc_noodles_s0240_00,train
AcouDiet/ai/data/raw/public/noodles/esc_noodles_s0240_01.wav,noodles,,esc_noodles_s0240_01,train
AcouDiet/ai/data/raw/public/noodles/esc_noodles_s0241_00.wav,noodles,,esc_noodles_s0241_00,train
AcouDiet/ai/data/raw/public/noodles/esc_noodles_s0241_01.wav,noodles,,esc_noodles_s0241_01,train
AcouDiet/ai/data/raw/public/noodles/esc_noodles_s0242_00.wav,noodles,,esc_noodles_s0242_00,train
AcouDiet/ai/data/raw/public/noodles/esc_noodles_s0242_01.wav,noodles,,esc_noodles_s0242_01,train
AcouDiet/ai/data/raw/public/noodles/esc_noodles_s0245_00.wav,noodles,,esc_noodles_s0245_00,train
AcouDiet/ai/data/raw/public/noodles/esc_noodles_s0245_01.wav,noodles,,esc_noodles_s0245_01,train
AcouDiet/ai/data/raw/public/noodles/esc_noodles_s0246_00.wav,noodles,,esc_noodles_s0246_00,train
AcouDiet/ai/data/raw/public/noodles/esc_noodles_s0246_01.wav,noodles,,esc_noodles_s0246_01,train
AcouDiet/ai/data/raw/public/noodles/esc_noodles_s0250_00.wav,noodles,,esc_noodles_s0250_00,train
AcouDiet/ai/data/raw/public/noodles/esc_noodles_s0250_01.wav,noodles,,esc_noodles_s0250_01,train
AcouDiet/ai/data/raw/public/noodles/esc_noodles_s0251_00.wav,noodles,,esc_noodles_s0251_00,train
AcouDiet/ai/data/raw/public/noodles/esc_noodles_s0251_01.wav,noodles,,esc_noodles_s0251_01,train
AcouDiet/ai/data/raw/public/noodles/esc_noodles_s0252_00.wav,noodles,,esc_noodles_s0252_00,train
AcouDiet/ai/data/raw/public/noodles/esc_noodles_s0252_01.wav,noodles,,esc_noodles_s0252_01,train
AcouDiet/ai/data/raw/public/noodles/esc_noodles_s0253_00.wav,noodles,,esc_noodles_s0253_00,train
AcouDiet/ai/data/raw/public/noodles/esc_noodles_s0253_01.wav,noodles,,esc_noodles_s0253_01,train
AcouDiet/ai/data/raw/public/noodles/esc_noodles_s0255_00.wav,noodles,,esc_noodles_s0255_00,train
AcouDiet/ai/data/raw/public/noodles/esc_noodles_s0255_01.wav,noodles,,esc_noodles_s0255_01,train
AcouDiet/ai/data/raw/public/noodles/esc_noodles_s0256_00.wav,noodles,,esc_noodles_s0256_00,train
AcouDiet/ai/data/raw/public/noodles/esc_noodles_s0256_01.wav,noodles,,esc_noodles_s0256_01,train
AcouDiet/ai/data/raw/public/noodles/esc_noodles_s0257_00.wav,noodles,,esc_noodles_s0257_00,train
AcouDiet/ai/data/raw/public/noodles/esc_noodles_s0257_01.wav,noodles,,esc_noodles_s0257_01,train
